Mass,dlogLumdM,dlogLumdM_lb,dlogLumdM_ub
0.07,0.016540499552539268,0.01483185862279153,0.018620842585260457
0.07100000000000001,0.016473670819850694,0.014804176153088688,0.018505314040358233
0.07200000000000001,0.0163979887748017,0.014767930537863766,0.018390268088101253
0.07300000000000001,0.016328535511802123,0.014735784405632918,0.01827522282600535
0.07400000000000001,0.016252783127621646,0.014697059962378571,0.018150949043112655
0.07500000000000001,0.016179052380216722,0.014660555220567535,0.018026377462769964
0.07600000000000001,0.016097121977631745,0.014614917281345128,0.017905239369541304
0.07700000000000001,0.01601664909993282,0.0145691043344424,0.01777835636359131
0.07800000000000001,0.015931099185723503,0.014523189611509156,0.017656830592465002
0.07900000000000001,0.015848572996274464,0.014470005219754108,0.017520974662383962
0.08000000000000002,0.015761696452988597,0.01441605108998623,0.01739100838264347
0.08100000000000002,0.015675372392548403,0.014357470838256267,0.017260106476753675
0.08200000000000002,0.015587368271727013,0.014304318896914666,0.01712654834915713
0.08229766542876583,0.015558480749197502,0.014284208179200616,0.01708809990548273
0.083,0.015490133411306584,0.014240920074123612,0.01698774341252166
0.084,0.015401148318247316,0.014179299714121721,0.0168584325705976
0.085,0.015301715582133477,0.014111312097024167,0.01672607928608406
0.08600000000000001,0.01519596945871741,0.014038055340837793,0.016589104027235235
0.08700000000000001,0.015100174503113663,0.013963956536185667,0.016448145371881925
0.08800000000000001,0.014991500767827586,0.013890324272540316,0.016303535243132144
0.08811479731439766,0.014978193708846937,0.013882641022466315,0.016292505663354415
0.08900000000000001,0.014887009525338451,0.01381223621109438,0.01616225419146787
0.08980164496364623,0.014797805792818641,0.013747878776044522,0.016044307256371643
0.09000000000000001,0.014775946267262242,0.013733829322577383,0.016011215831700183
0.09100000000000001,0.014665939399958451,0.013650781729599958,0.015858563099646263
0.09138426165976109,0.014623666374458217,0.013617297331259826,0.01579657220877854
0.09200000000000001,0.014557950144909078,0.01356361562475717,0.0157035904098667
0.09291457976248862,0.01444939947994417,0.01348522500168712,0.015564913122894115
0.09300000000000001,0.014436993997937578,0.013479482275916645,0.015553715655777567
0.09400000000000001,0.014318582945404855,0.013387860126012917,0.015396547265077484
0.09500000000000001,0.014197948111713104,0.013294522904179719,0.015246049191577888
0.09600000000000002,0.014077208705465095,0.013203004359059358,0.015091956665499041
0.09700000000000002,0.01395456395706032,0.013104545759559886,0.014930257769121026
0.09800000000000002,0.01383122751278904,0.013008190432399123,0.0147755032652113
0.09900000000000002,0.013702853642793634,0.012905814408929711,0.014620312706621943
0.1,0.01357607564111292,0.012801702443440447,0.014461590902143238
0.101,0.013446357337213605,0.012693349604446246,0.014302980294045569
0.10200000000000001,0.013314569503938452,0.01259027232686098,0.014137518149203809
0.10300000000000001,0.013177607003183914,0.012482263092619392,0.013976395471376211
0.10400000000000001,0.013042520680126032,0.0123726278621098,0.013816290109847565
0.10500000000000001,0.01290798659099704,0.012257184773027419,0.013659780363614015
0.10600000000000001,0.012773480647022927,0.012145813163002615,0.013495112724599469
0.10700000000000001,0.012636365488805193,0.012029857904965293,0.013338322555466735
0.10800000000000001,0.012498024218783734,0.011909332888071805,0.013175989941629027
0.10900000000000001,0.012355425454758616,0.0117864488473952,0.013018937951241595
0.11000000000000001,0.012216607949585194,0.011661208891037566,0.01285482417331818
0.11007472155582318,0.012203966338131719,0.011651047228215918,0.012845317540350967
0.11100000000000002,0.012072225000064765,0.011536261550394278,0.012695628269225724
0.11200000000000002,0.011933343289517851,0.01140994289060291,0.012537667343435544
0.11300000000000002,0.011792886021209788,0.011286095126040091,0.01237661665760288
0.11400000000000002,0.011653686076160111,0.011157619137711579,0.012221381758825117
0.11500000000000002,0.011514169128797642,0.011030173543634924,0.012064359330358987
0.11600000000000002,0.011373643930826197,0.010900767535942565,0.011909534994709961
0.11700000000000002,0.011233206400149987,0.010767104148437366,0.0117546449877044
0.11800000000000002,0.011089306504808459,0.010635431020687034,0.011598378531138794
0.11900000000000002,0.01094972006928513,0.01050009598598672,0.011445783815885235
0.12000000000000002,0.010810289200412526,0.010367044030858249,0.011293206454846163
0.12100000000000002,0.010666384411802924,0.01023306775902211,0.011143103856682511
0.12200000000000003,0.01053007045096909,0.010097838759502384,0.010992119300477388
0.12290698460103891,0.010400540499707516,0.009971635298705275,0.010855919490837787
0.12300000000000003,0.010389066857037603,0.009958932690546027,0.010843403303238406
0.12400000000000003,0.010251149887224148,0.00982095048200645,0.010695312784090643
0.12500000000000003,0.01011354769668513,0.009681950969259024,0.010549007261040404
0.1251806565391655,0.010088006487617518,0.009656269902369698,0.01052285293846115
0.12600000000000003,0.009974721629843683,0.009542163961662258,0.010403478165737794
0.12700000000000003,0.009839464093286975,0.00940246830111987,0.010263387825541303
0.12800000000000003,0.0097055584337873,0.009266118295552343,0.010124156557949687
0.129,0.00957199151843869,0.009129696367787616,0.009987008412733547
0.13,0.009437560150453089,0.008987876823360202,0.009850789287133411
0.131,0.009302388892159107,0.008848934707512326,0.0097154456372251
0.132,0.009167073387760903,0.008710187383163173,0.009579965738879042
0.133,0.009034007236619155,0.008572786827418803,0.00945140488392522
0.134,0.008902226583835252,0.008440468091692167,0.009323830925487435
0.135,0.008773333652994382,0.008303756706210778,0.009196184821902178
0.136,0.008641953130197208,0.008168847204110138,0.009069918778252058
0.137,0.008515545789693258,0.008036830725989154,0.008950435581346016
0.138,0.008386052351093487,0.007900503545208803,0.00882435412688389
0.139,0.008261245650987148,0.007773611690911263,0.008703489805369911
0.14,0.008136867488782663,0.0076427756725790975,0.00858255919379365
0.14100000000000001,0.00801417016474211,0.007514733024251088,0.008462845643928544
0.14200000000000002,0.007892631564787452,0.007386005066806582,0.008350285461090654
0.14300000000000002,0.007773985610158796,0.0072618469553495935,0.008235714226752323
0.14400000000000002,0.007659173314965914,0.007136135948989166,0.008121000540235922
0.14500000000000002,0.0075408388016515214,0.007008941731496593,0.008006539947489545
0.14505466870481754,0.007534772822494488,0.007003452826861476,0.008001471233369412
0.14600000000000002,0.0074264907655362,0.006888064476427264,0.00789983048170834
0.14700000000000002,0.0073153179883660505,0.006771090188107435,0.007795050671614171
0.14800000000000002,0.007205376884469504,0.006658853648479297,0.007686702002167291
0.14900000000000002,0.007096650276025873,0.006546811656216012,0.007580351747037427
0.15000000000000002,0.0069923718367726016,0.006433317003434018,0.00747899378667833
0.15100000000000002,0.006890949554036277,0.006325170089947463,0.007379063364578579
0.15200000000000002,0.006788932405227029,0.0062221197569386055,0.007283076234873872
0.15300000000000002,0.006687494755334877,0.006115623605276949,0.00718482352479128
0.15400000000000003,0.006591499820121067,0.006014358882656019,0.007091348405593936
0.15500000000000003,0.006496122634738187,0.005917039448898793,0.007000947902402553
0.15600000000000003,0.006404269644493594,0.005823159895288291,0.0069125624042467755
0.15700000000000003,0.006313004666205237,0.005732869185498974,0.0068251558012880215
0.15731213362868723,0.006284866662452398,0.005708829058549106,0.00679581756941276
0.15800000000000003,0.006226024695597939,0.0056440439159351095,0.006734002918604258
0.15900000000000003,0.006140886614765688,0.005556119583959676,0.006647070982789751
0.16000000000000003,0.0060587485645951485,0.005471623421983509,0.006563576316418573
0.16100000000000003,0.005977699908407336,0.005391977759148907,0.006483004015949763
0.16103665083914465,0.005974193665949995,0.0053895033845215955,0.0064797053431784055
0.16200000000000003,0.005898023036671952,0.005314794999343558,0.0064041366945591085
0.16300000000000003,0.005821399660926843,0.005241270973386891,0.006326700045326904
0.16400000000000003,0.00574996012572281,0.005172684115791188,0.006250594927459946
0.16500000000000004,0.005677675600647944,0.005104921610697664,0.006176973829407417
0.16600000000000004,0.005610267591281299,0.005039876672221193,0.006107177707683614
0.16700000000000004,0.005543270326858598,0.004974706376005764,0.006035696239033422
0.16800000000000004,0.005478445880056196,0.004913632985663681,0.005971415353879349
0.16900000000000004,0.005415303636036009,0.004854004872428935,0.005904135570705414
0.17000000000000004,0.005353592763308373,0.004800943113275177,0.005839704768990822
0.17100000000000004,0.005296584300213141,0.004747418516759066,0.005777084358085811
0.17200000000000004,0.0052407351360717865,0.004697414114443906,0.005715984456379547
0.17300000000000004,0.00518476406224309,0.004648157032287197,0.005656828682517203
0.17400000000000004,0.005132563547312814,0.004604568514361294,0.005598090283100504
0.17500000000000004,0.005081530607564058,0.004556091167961099,0.005544664223631999
0.17600000000000005,0.005032767963010169,0.00451624834143342,0.005488383783035642
0.17609128923313835,0.005031424392617614,0.0045130555032563595,0.005482210661821821
0.17700000000000005,0.004986651902599707,0.004477023805199294,0.005434362481913951
0.17734875983495368,0.004971928111643454,0.004464394911608534,0.005415288242378391
0.17800000000000005,0.004943671021671596,0.004439479266914153,0.005382439814373686
0.17900000000000005,0.004900360085377663,0.0044050477289309595,0.005335294291993765
0.18000000000000005,0.004856783194263112,0.0043728043025920964,0.005290597775526079
0.18100000000000005,0.004816727080074571,0.0043407424087683185,0.005241374132691014
0.18149697679567303,0.004798329579088148,0.004326886055904641,0.005221147910806053
0.18200000000000005,0.004776758679615175,0.004309047576501763,0.0051988448671248634
0.18260064118189623,0.0047549605462764025,0.004291213044960037,0.005172263875805973
0.18300000000000005,0.0047377524668721785,0.0042790370264780345,0.005153974984036398
0.18400000000000005,0.004698516245843154,0.004252130088419259,0.005110724259840401
0.18500000000000005,0.004663484306550012,0.00422872437047157,0.005072272468674103
0.18600000000000005,0.004627745695387498,0.0041997394674327965,0.0050350266616080025
0.18700000000000006,0.004592307698742223,0.00417597946870325,0.00499648951717481
0.18800000000000003,0.0045596692900429,0.004148824740712966,0.004958240824879263
0.18900000000000003,0.004525289980692869,0.004123497124029548,0.004923073876907988
0.19000000000000003,0.0044957259326889615,0.004101146422548381,0.004887900658372231
0.19100000000000003,0.004466081395256693,0.004075282382092956,0.004853802524164725
0.19200000000000003,0.004434564912987399,0.004047910272469056,0.004821083710936882
0.19300000000000003,0.004405585783164511,0.004026667044549908,0.004790650295703457
0.19394416339916454,0.004378111624129211,0.004003524158831332,0.004761586332867013
0.19400000000000003,0.00437578848536689,0.004002885861049206,0.004757417807633079
0.19500000000000003,0.004347061496411495,0.003977468917616164,0.004731598143857533
0.19600000000000004,0.004318075031223986,0.003955842715432321,0.004703255464445482
0.19700000000000004,0.004291382795470214,0.003934030445491122,0.004675979709548594
0.19800000000000004,0.0042635933826250475,0.003910008614738807,0.004648166476043284
0.19900000000000004,0.004236873287959743,0.0038864584039096633,0.004620071610695266
0.20000000000000004,0.004209212997417995,0.003859467669441769,0.004594051885611299
0.20100000000000004,0.004183103622272536,0.0038340117939765785,0.004565748960110419
0.20200000000000004,0.0041528598833469755,0.0038093535902616786,0.004537581359135938
0.20300000000000004,0.004125677953240128,0.003779741049981519,0.004511248513014553
0.20400000000000004,0.004100244738599691,0.003753510780281764,0.004487391999102533
0.20500000000000004,0.004071365372911622,0.003726790832040373,0.004462544374896636
0.20600000000000004,0.0040439296925310975,0.00369956127101086,0.004435364054244766
0.20700000000000005,0.0040169110692230454,0.0036729497730692787,0.0044106073451270775
0.20800000000000005,0.003988247119361763,0.0036463932543734797,0.004383381044546536
0.20900000000000005,0.0039602204206500655,0.0036150571185457,0.0043607320638289196
0.21000000000000005,0.003932852912515151,0.003586251164871382,0.004332505185802779
0.21100000000000005,0.0039053847035597678,0.003556539572285903,0.004306030924286103
0.21200000000000005,0.0038745406904188043,0.0035239484549478184,0.004282182912133604
0.21300000000000005,0.003846999826013621,0.0034946863224674654,0.0042523655239236745
0.21400000000000005,0.0038164837691425156,0.0034647766186086605,0.004226478074341305
0.21500000000000005,0.003788534768173101,0.0034309674292378415,0.004201012005255451
0.21600000000000005,0.0037586581736988433,0.0033984880853135655,0.004171943491643311
0.21700000000000005,0.0037274441773122386,0.0033678587727468757,0.004145460963391506
0.21800000000000005,0.0037019423345212975,0.0033383790181352796,0.0041162774429024255
0.21821012277366883,0.0036950745563399294,0.0033297242389964165,0.004110129270732415
0.21900000000000006,0.0036727994541298566,0.003307950461510512,0.004089545529313804
0.22000000000000003,0.0036436925912288766,0.0032735748765768055,0.004061807596170019
0.22100000000000003,0.00361437478185535,0.0032440450802870982,0.004035200775389792
0.22200000000000003,0.003584913617150102,0.0032117792222944403,0.004005418647800856
0.22300000000000003,0.0035577578301620866,0.0031821400419442016,0.003980349329311506
0.22400000000000003,0.0035300940305906118,0.0031509063818768025,0.003950069727184899
0.22500000000000003,0.0035017582831047087,0.0031200880618593996,0.003921044332851
0.22600000000000003,0.0034727353080890055,0.003091593718194534,0.0038939208999429075
0.22700000000000004,0.0034448935088544487,0.003064184080761059,0.0038675246553357295
0.22800000000000004,0.003418192060200622,0.0030395901436823516,0.0038400660413632714
0.22900000000000004,0.0033912638027709433,0.0030126137357037916,0.0038107514002484813
0.23000000000000004,0.0033649683075920797,0.0029853825733148925,0.003784573357687714
0.23100000000000004,0.003340925281802232,0.0029610822780746565,0.003759636881363151
0.2315577696814219,0.0033256363743846876,0.002944619935160824,0.003742435061959276
0.23200000000000004,0.003314575409562142,0.0029350876233684,0.0037340727019872758
0.23300000000000004,0.003290053448200999,0.002908908799648287,0.0037037589443073044
0.23400000000000004,0.0032679557216305634,0.0028871571735682596,0.003676193359580534
0.23500000000000004,0.0032444240317587845,0.0028647226947402325,0.0036482857111052713
0.23529072343218344,0.0032380045601623146,0.002858360449514749,0.0036416116171455455
0.23600000000000004,0.0032218667687831546,0.0028438193590778057,0.003624219697463996
0.23700000000000004,0.0031985542689137053,0.0028218960767062333,0.003597048291976916
0.23721027294373204,0.0031941530652741454,0.0028181683010083257,0.0035905476044904806
0.23800000000000004,0.0031768069016388655,0.002800264646522045,0.0035712029870008893
0.23900000000000005,0.0031566982800639806,0.002785695476887008,0.0035461551571995833
0.24000000000000005,0.0031351658890608767,0.002764220917985756,0.0035206665792817306
0.24021939504308476,0.0031304360697129137,0.0027603580675178135,0.0035135807013611867
0.24100000000000005,0.003113768862641587,0.0027498770359511513,0.003495589077784307
0.24200000000000005,0.003094086566248808,0.002731889714077854,0.003472529700638602
0.24300000000000005,0.003073035205861621,0.0027155333157580716,0.003448424262025397
0.24400000000000005,0.0030553215867427487,0.00269941770841109,0.003425996638158442
0.24500000000000005,0.0030378761838643635,0.0026848383714333135,0.003403794637962296
0.24600000000000005,0.003020188367410739,0.0026712049930357287,0.0033850328386696416
0.24700000000000005,0.0030036137786946557,0.0026524368464243124,0.003367048285251581
0.24800000000000005,0.0029866895357674576,0.0026350901313393314,0.0033476770085530297
0.24900000000000005,0.0029713648777418334,0.0026214654209680863,0.003331285273143797
0.25000000000000006,0.0029556415188118175,0.002604945449501772,0.003314149756441765
0.25100000000000006,0.0029393647740439547,0.0025890138920083945,0.003294713050079397
0.25200000000000006,0.002926831906265529,0.0025757577736959694,0.0032768525691944427
0.2529016479389201,0.0029128114646225158,0.002564699158677079,0.0032617999804874153
0.25300000000000006,0.0029109492384444126,0.0025637440933612495,0.003260535207036694
0.25400000000000006,0.0028969286955444597,0.002551439825631841,0.003244904768545504
0.25500000000000006,0.0028820809510453228,0.002538037175298713,0.0032309996755126016
0.25600000000000006,0.0028694813922146866,0.002523640413127459,0.0032177786947547764
0.25700000000000006,0.002855585156278423,0.002510268447794452,0.003206974613106123
0.25800000000000006,0.0028451281714885015,0.002496114771835982,0.003195433675106928
0.25900000000000006,0.002834506563778311,0.002486948468213975,0.003181961336881728
0.26000000000000006,0.0028264453345276733,0.002476375997212282,0.0031704835606105406
0.26100000000000007,0.002816153196964244,0.002464128764746247,0.00316179364550231
0.26200000000000007,0.0028061548680430146,0.0024518656385559786,0.0031523416646545965
0.26259866929352804,0.002803307055488221,0.002447028616139073,0.0031494745270187327
0.263,0.0027997991315261692,0.0024436744341535506,0.003143122642435641
0.264,0.002792955741778687,0.002434107265171429,0.0031341655780991575
0.26452825918377354,0.00278809330759834,0.0024288309235797347,0.0031319989999614895
0.265,0.002787157790251218,0.0024261299198500026,0.0031301733921780556
0.266,0.0027816558543360638,0.002419706625041724,0.0031233266477595557
0.267,0.002776881293939984,0.002415325808775139,0.0031200696620716315
0.268,0.0027742914950007577,0.0024111327652749292,0.0031157615537621293
0.26818548647790896,0.0027726464651328647,0.0024086191304725944,0.003114878417533608
0.269,0.002771204373681087,0.002405734552498198,0.003111214754946875
0.27,0.0027692880370353452,0.0024048228020174226,0.0031077479967224005
0.271,0.0027669953554514855,0.0024007384345669167,0.0031051009802233395
0.27136983668260917,0.002765851723866362,0.002402164444997669,0.003104303884270582
0.272,0.002766972808147817,0.0024034947546455266,0.0031042956098730656
0.273,0.0027672271011081767,0.0024015719947980754,0.003101609435020829
0.274,0.0027651689146969,0.0024037615412231764,0.003101224704452391
0.27423300427535136,0.0027652079692224063,0.0024047306338739636,0.003101909418413873
0.275,0.0027654692520920347,0.002403046617830419,0.0031034222237185903
0.276,0.0027670405571195316,0.0024072537002113687,0.0031028387179750684
0.277,0.002768558821134633,0.0024111641602670418,0.0031057098660452654
0.278,0.00277285764460712,0.0024194568003655173,0.0031054299016822304
0.279,0.0027774277517907788,0.0024220626759488078,0.00311002211468705
0.28,0.0027825713937059955,0.002429821251277912,0.003114442469956913
0.281,0.0027879820002518663,0.0024357331587520816,0.003119474006656126
0.28200000000000003,0.0027944918710725644,0.0024439303718973653,0.003125479892584851
0.28300000000000003,0.002802090514352934,0.002451434321690289,0.0031274315968602313
0.28400000000000003,0.0028080028666701263,0.002459244294674038,0.0031352768199710878
0.28500000000000003,0.0028146780382608256,0.002468578055249508,0.0031413118698564173
0.28600000000000003,0.002823628907090669,0.00247857841489758,0.003149081596970457
0.28700000000000003,0.0028319790482716034,0.0024872112224999794,0.003157780848164263
0.28800000000000003,0.0028399039697771075,0.002493929036560401,0.0031670001557215603
0.28900000000000003,0.0028510955794791436,0.0025090105696556364,0.003177177822982993
0.29000000000000004,0.002860795336301488,0.00251504774448487,0.0031877199802018475
0.29100000000000004,0.0028714178492490468,0.002526440019082602,0.003197152130624742
0.29200000000000004,0.002881457151627591,0.002539514291725277,0.003208621389649849
0.29300000000000004,0.002893922951960044,0.002549469276584178,0.003221280897132188
0.29400000000000004,0.0029076551843703296,0.0025613349538757334,0.0032346536372779584
0.29428121960450315,0.0029092231745215633,0.0025641248359391925,0.0032392174328171246
0.29500000000000004,0.0029184204278162487,0.0025716041884540587,0.0032504452557462617
0.29600000000000004,0.002928937366254412,0.0025833997631063994,0.003265177049315484
0.29700000000000004,0.002942108782224434,0.00259392384976305,0.0032800955108359684
0.29800000000000004,0.0029548424488646317,0.002609034769914392,0.0032992157107824853
0.29819329599549477,0.0029584520896890868,0.002610786596536326,0.0033013557567965605
0.29900000000000004,0.0029700171609635677,0.00261949812126063,0.003312960396883936
0.30000000000000004,0.0029846548042006863,0.002630891672728651,0.0033302319651284627
0.30100000000000005,0.00299950188771378,0.0026461059873813253,0.003347532265411416
0.30200000000000005,0.003014198286831029,0.002660869879049107,0.0033621341466332773
0.30300000000000005,0.003028658245666585,0.0026737824702733753,0.003381082342136578
0.3035271393442765,0.003036093370896154,0.002680231720295994,0.0033894336759437965
0.3037108917529434,0.0030406829577545266,0.002683536969832458,0.0033944997537923237
0.30400000000000005,0.0030447002379038936,0.002688762834270793,0.003398644237992702
0.30500000000000005,0.0030589436062092297,0.0027024145192679257,0.003417004607945139
0.30600000000000005,0.003074011496926048,0.0027154776002212087,0.003436763025562143
0.30700000000000005,0.0030881046831894624,0.002729191353803866,0.003453797669762791
0.3071751507199879,0.003090534704870554,0.002732061865305075,0.0034581300802415255
0.30800000000000005,0.003102947158699343,0.002739916050440352,0.0034731827755605255
0.30900000000000005,0.003118089028361113,0.002757221975075804,0.0034911816363417873
0.31000000000000005,0.00313463824852795,0.002769945771540725,0.00351350225004189
0.31100000000000005,0.0031482368892364336,0.0027833214500396918,0.003530967144622996
0.31200000000000006,0.003164642368415232,0.002800264556198717,0.0035508922298755465
0.31300000000000006,0.0031809598449336557,0.0028130687345462057,0.0035716304028197976
0.31400000000000006,0.003196681654913072,0.0028289216841479543,0.0035896145785850576
0.31500000000000006,0.0032118140592425877,0.0028460160722889633,0.003610872666638118
0.3159081157786916,0.003226505313713356,0.002856819625236364,0.003625081236853508
0.31600000000000006,0.0032261572304214427,0.0028580732524545608,0.003627257749731522
0.31700000000000006,0.0032404886658830533,0.0028725781815563812,0.003644971091993725
0.31800000000000006,0.003258537315719916,0.002884541599913678,0.0036642390753067054
0.31900000000000006,0.003272940701140957,0.002894728622275911,0.0036832171654972647
0.32000000000000006,0.003286379200558185,0.00291031458675156,0.0037022731620330513
0.32008860907817804,0.003289491972976055,0.002912598678803662,0.0037038623228695727
0.32100000000000006,0.00329772202551492,0.0029227452891834897,0.0037237252698542793
0.32200000000000006,0.003314198058844921,0.002936601811389522,0.0037405276950534974
0.32300000000000006,0.0033303602330229634,0.0029469890995731237,0.003760057240351632
0.32400000000000007,0.0033432841334210743,0.002958256497590891,0.0037782146911158505
0.32500000000000007,0.003352665135400531,0.0029690771629431183,0.0037947513836342774
0.32600000000000007,0.0033638747832252457,0.0029749745012004093,0.0038113056083789796
0.32670376805998674,0.003370772550371112,0.0029816880800914735,0.0038221531390061855
0.32700000000000007,0.0033731532032755464,0.002982947135440192,0.0038263515459846915
0.32800000000000007,0.003384911619369311,0.0029900040436994517,0.003841707583931708
0.32900000000000007,0.0033939849409998957,0.002996335292797984,0.0038566967299362544
0.33000000000000007,0.003401854350035593,0.0030007168896685585,0.0038732889380291265
0.33100000000000007,0.0034077436229991115,0.003005874030096236,0.003886023520476849
0.3320000000000001,0.003414029963971779,0.0030091690034143256,0.0038973823315196325
0.3330000000000001,0.003419704673995024,0.003012513550270317,0.003908261992647028
0.3340000000000001,0.003423721834283681,0.003019275474894984,0.003919271660681063
0.3350000000000001,0.0034270104548155328,0.0030170201640885522,0.0039232551491889265
0.3360000000000001,0.00342940249391343,0.0030198448111049578,0.003927695530052714
0.3360275057092562,0.003429384504224344,0.003017983084382648,0.003929283776539538
0.3370000000000001,0.0034291765343753043,0.0030197349968636095,0.003929154574461015
0.3380000000000001,0.003428259807946631,0.003017640389048523,0.003929466723089757
0.3390000000000001,0.0034237865887140344,0.003014578862312835,0.003929836796848762
0.3400000000000001,0.0034213832192117963,0.0030136607881708884,0.0039291254273222664
0.3410000000000001,0.0034134442958460823,0.0030075782158009053,0.003924289031956749
0.3420000000000001,0.0034076674817398785,0.0030045019120399424,0.00391858088388623
0.3430000000000001,0.0034018280610078095,0.0029968816572934365,0.003909100764753799
0.3440000000000001,0.0033936797095303083,0.002990658912162468,0.003900914123403651
0.3450000000000001,0.00338045821168142,0.0029832462957197583,0.0038875592385315912
0.3459180882588884,0.0033707594283876674,0.002974794466946928,0.0038777740420864624
0.3460000000000001,0.003372101591722148,0.002973033661951962,0.003875224410000823
0.3470000000000001,0.0033570612684332515,0.002963414509372009,0.0038638755683953288
0.3480000000000001,0.0033422025379236443,0.0029498686755962773,0.0038463712890145197
0.3490000000000001,0.0033264746723437972,0.0029375856440815628,0.0038297602971434394
0.3500000000000001,0.003310467482422929,0.0029224873474029255,0.003807487701054899
0.3510000000000001,0.003293588453282304,0.0029054148845088917,0.003786336770357003
0.3520000000000001,0.0032740559643094106,0.0028895659295679085,0.0037658166435168634
0.35270937664471524,0.003258393415833717,0.0028784869314773974,0.003746620729229466
0.3530000000000001,0.00325311462633541,0.002872162617953541,0.0037396199248298924
0.3540000000000001,0.003231560672722947,0.0028528978416518243,0.0037158704068783787
0.3550000000000001,0.0032069102297902,0.002835453780705102,0.003685902220985926
0.3553068390981111,0.0032004187339914397,0.0028290077116121734,0.003678212245156218
0.3560000000000001,0.003183348514972255,0.0028150980765162628,0.0036559923766460688
0.3570000000000001,0.003158267223840753,0.002793870780138043,0.003621328048639977
0.3580000000000001,0.0031334228502977834,0.0027721803358434533,0.0035863294078883924
0.3590000000000001,0.003106870031159104,0.002750256874750927,0.003547771319413689
0.3600000000000001,0.003078337751338483,0.0027239071926775742,0.0035138329559295765
0.3610000000000001,0.0030508874518932654,0.0026992823204700957,0.003475231799693359
0.3620000000000001,0.0030210159571789617,0.0026708262336683918,0.0034339730959042744
0.3630000000000001,0.002986937182577656,0.002640229841495514,0.0033940007027014663
0.3640000000000001,0.002957658713212072,0.00260909951936683,0.003350877822215934
0.3650000000000001,0.0029225822411594366,0.0025756955945439274,0.003310111761972429
0.3660000000000001,0.002890343171856153,0.0025451432240749202,0.00326823085037628
0.3670000000000001,0.0028556147643134344,0.0025099957038238418,0.003227524057906299
0.3680000000000001,0.0028193617023271494,0.0024717760641883666,0.00318735849471979
0.36900000000000005,0.0027834542200658326,0.002434553455666325,0.0031484261324743797
0.37000000000000005,0.002746562161793973,0.002395595195713446,0.003107830486623766
0.37100000000000005,0.002709383873675277,0.0023565411695488166,0.0030660863776477702
0.37200000000000005,0.0026712635818268923,0.0023151436823193065,0.0030269216132511752
0.37300000000000005,0.0026316743503735957,0.0022703325607634547,0.00298845004906364
0.37400000000000005,0.0025908931608444197,0.0022249438329455377,0.0029508760531959124
0.37500000000000006,0.0025530921435072905,0.0021792711463569144,0.0029121346014832597
0.37600000000000006,0.002515608788226915,0.002132273363515961,0.002876608861821575
0.37700000000000006,0.002476977371122359,0.0020846195196959154,0.0028450341577175215
0.37800000000000006,0.002437169387485687,0.0020370083788628954,0.002809954953315514
0.37900000000000006,0.0024006927921393145,0.0019846884322631125,0.002773544497184975
0.38000000000000006,0.002363215425421713,0.0019344457128011184,0.0027428751462363417
0.38100000000000006,0.002326472147969841,0.0018815946333902408,0.0027106610364849536
0.38200000000000006,0.002291317726868545,0.001829494294535292,0.0026793362123696774
0.38300000000000006,0.0022556148798633857,0.0017774088300968665,0.0026500376745810894
0.38400000000000006,0.0022211857969411295,0.0017267807364864237,0.0026260415741928464
0.38500000000000006,0.0021888714916982453,0.001679226451581779,0.002599079675809822
0.38600000000000007,0.002154281920054851,0.0016299174802895356,0.0025720418949444638
0.38700000000000007,0.002120879912071819,0.0015839696703818637,0.002550047465763044
0.38800000000000007,0.002089555898636368,0.001535602301735332,0.002526915666858768
0.3889236042162152,0.0020611167103852792,0.0014956328390056779,0.0025073265817959966
0.38900000000000007,0.0020597854719599093,0.001490825453179825,0.0025047342940963894
0.39000000000000007,0.002032536891899884,0.0014501047197143088,0.0024843553173626185
0.39100000000000007,0.002003730230844514,0.0014094313846984583,0.0024635625216324563
0.39200000000000007,0.00197690479138946,0.0013662030180467812,0.0024435909454807846
0.39252757016455536,0.0019611224769254827,0.001345802930486107,0.002430872413019868
0.39300000000000007,0.0019498477877803212,0.0013283048094285125,0.0024245109131668333
0.3940000000000001,0.0019260368362696843,0.0012946666736606853,0.002406460368494522
0.3950000000000001,0.0019058147178056869,0.0012656500788894621,0.0023904484749606575
0.3960000000000001,0.0018841263464618224,0.00123788946382048,0.002376185250241662
0.3970000000000001,0.001865766150373857,0.001208234856932209,0.0023586010565347566
0.3980000000000001,0.0018515221605986956,0.0011818424224995406,0.002345561681374903
0.3990000000000001,0.0018338478740889642,0.0011646535159352096,0.002334571216220722
0.4000000000000001,0.0018221430752953125,0.0011474712283846933,0.0023220998450178354
0.4010000000000001,0.0018081638191304722,0.0011340096736084243,0.002314312636389558
0.4020000000000001,0.0017974056547262658,0.0011246219434597267,0.002303804055136244
0.4030000000000001,0.001789616876048,0.0011180140526674052,0.0022958926133225836
0.4040000000000001,0.0017819284861267755,0.0011118335835383522,0.0022864161939121583
0.4050000000000001,0.0017778248507705071,0.001116110697380387,0.002278680728038119
0.40536323829516313,0.0017754906003032323,0.0011137047544033558,0.0022771326966433297
0.4060000000000001,0.0017739664509058319,0.001117937931022968,0.002273179516895101
0.4070000000000001,0.0017754697130801158,0.0011236429430151577,0.002268563185597188
0.4080000000000001,0.0017763702741211895,0.0011372625761551457,0.002266479240065733
0.4090000000000001,0.0017800841572739705,0.001153039807581924,0.0022636359139678206
0.4100000000000001,0.0017829266238454594,0.0011730346933843294,0.0022603082706450983
0.41067343058300265,0.0017868165236953838,0.0011875185733985296,0.002258957548706392
0.4110000000000001,0.001787556123426598,0.001193139703804288,0.0022575746871623765
0.4120000000000001,0.0017950203308113293,0.0012116799208186264,0.00226084292515805
0.4130000000000001,0.001804957084747415,0.0012348026723587636,0.0022618022120781405
0.41302240271594065,0.0018035502194159027,0.0012328005282907224,0.0022622084621008696
0.4140000000000001,0.0018144017470108527,0.0012631016542807827,0.002266002636962991
0.4150000000000001,0.0018258826595662948,0.001289313566955782,0.002270448580399494
0.4160000000000001,0.0018377344471535036,0.0013213394223730633,0.0022760968309260415
0.4170000000000001,0.0018536749288137232,0.0013524470305215596,0.002280341538912157
0.4180000000000001,0.0018683034232085665,0.0013827942582559614,0.0022897049678076735
0.4190000000000001,0.0018843631462250449,0.001414734589897579,0.0022984106417899427
0.4200000000000001,0.0019018717512440972,0.0014481970853995022,0.002310531938543339
0.4210000000000001,0.0019219279240505784,0.0014785922019425954,0.0023247295665065042
0.4220000000000001,0.0019431414990760097,0.0015149519060480903,0.002339414741590885
0.4230000000000001,0.0019623381742775443,0.0015418839784410384,0.002353850250960055
0.4240000000000001,0.001983207532562408,0.0015775743214681017,0.0023696235973414016
0.4250000000000001,0.002005531771367197,0.0016074084814047469,0.0023854286574006124
0.4250810591092923,0.002008551924911817,0.0016103415561655949,0.0023857076110004004
0.42563907293008796,0.002018704758144915,0.0016248162249428238,0.0023971043301536923
0.4260000000000001,0.0020279030946778664,0.0016354372012606058,0.0024034947652340696
0.4270000000000001,0.002048716215669847,0.0016621716098362235,0.0024203675474653813
0.4280000000000001,0.0020706507777479306,0.0016916697287221436,0.0024429375826188877
0.4290000000000001,0.0020936058248523775,0.0017179184017502482,0.002462242817002082
0.4300000000000001,0.0021174309565427977,0.0017455468084509255,0.0024830133181875627
0.4310000000000001,0.00213865295029693,0.0017740799890668378,0.0025066636957510246
0.4320000000000001,0.002158619179196531,0.0017986151827806198,0.002532758222100265
0.4330000000000001,0.0021812634069376382,0.0018233888993106552,0.002556960820002547
0.4340000000000001,0.002203145803872311,0.0018446077016884804,0.0025812754857255705
0.4350000000000001,0.002223677602599056,0.0018663075291315118,0.0026057410004906674
0.4360000000000001,0.002247269466673728,0.001888793302425435,0.002628262686814659
0.4370000000000001,0.0022669602011850024,0.0019066815878853497,0.0026540415056607344
0.4380000000000001,0.002287592439317213,0.0019299072021962123,0.002680519319678873
0.4390000000000001,0.002310017241332649,0.0019473733546752185,0.0027035364697924644
0.4400000000000001,0.0023286756601880606,0.0019659247123488925,0.0027289978985999804
0.44054675150163847,0.002339875203081651,0.0019757201515485084,0.0027439232590192003
0.4410000000000001,0.0023497701137078697,0.0019855766953347127,0.00275374745698229
0.4420000000000001,0.002370398562510471,0.002002488926903819,0.0027761700260818083
0.4430000000000001,0.0023901747798799216,0.0020176376294888964,0.002799053063042332
0.4440000000000001,0.002408598479944731,0.0020339687723860598,0.0028249682377593953
0.4450000000000001,0.0024263143634084576,0.002050978087699369,0.0028482872143438505
0.4460000000000001,0.0024434927707444954,0.0020661915272587707,0.0028714852841267187
0.4470000000000001,0.0024600994889041054,0.002084477923287087,0.00289390825480567
0.4480000000000001,0.002478303156621272,0.0020982272348156112,0.0029148160730761152
0.4490000000000001,0.002496729813554608,0.0021147730831619226,0.00293811717806221
0.4500000000000001,0.0025104150529332413,0.002127392092717864,0.0029554920443069514
0.4510000000000001,0.0025272014872871726,0.0021396379072192565,0.0029767499992132307
0.4520000000000001,0.0025433070487934583,0.00215668437353371,0.0029910244212895012
0.4530000000000001,0.002557074950249845,0.0021704538805414134,0.0030089244609002672
0.4540000000000001,0.0025714450302436716,0.002182392565332052,0.0030240950596469463
0.45500000000000007,0.002584447169767287,0.002197055812773933,0.0030419173183649363
0.45600000000000007,0.0025989743212937815,0.0022091685388117032,0.00305532208002243
0.4570000000000001,0.002614095643989282,0.002220095350921823,0.0030687813615183426
0.4580000000000001,0.0026255436404840843,0.002233464784862347,0.003083876327659797
0.4590000000000001,0.0026391371756154416,0.0022433030753124593,0.0030994238014577973
0.4600000000000001,0.0026505064454645615,0.0022547820987114187,0.003111493349738069
0.46079381980549183,0.0026596182019913003,0.0022607294623840733,0.0031220394075715608
0.4610000000000001,0.0026618757146220457,0.002263883838381165,0.003125039870406546
0.4620000000000001,0.00267628463329007,0.0022748123316959135,0.003136599540472886
0.4630000000000001,0.002687592880695361,0.0022817320512411986,0.003144751374201606
0.4640000000000001,0.0026949532742850655,0.0022919912121293815,0.003155581813973656
0.4650000000000001,0.0027051787797236484,0.0023018857070119456,0.0031654973493191784
0.46539542261852596,0.002708030990264921,0.0023041111734169607,0.00316904365910997
0.4660000000000001,0.0027131241680498817,0.0023103015722804347,0.0031732214144346116
0.4670000000000001,0.0027210711883504306,0.0023152563107162894,0.0031820263356149786
0.4680000000000001,0.0027278562621552887,0.0023191584355748765,0.003188786957666641
0.4690000000000001,0.002732964353482485,0.0023282177154788056,0.003197468703505504
0.4700000000000001,0.0027370089007634417,0.0023311070596888418,0.003201314340141246
0.4700624963461735,0.002737873854373272,0.0023311850554834676,0.003200056708362613
0.4710000000000001,0.00274053489724274,0.0023354212051752265,0.0032074474450351775
0.4720000000000001,0.002745136664773762,0.002338442909717242,0.0032092601745968216
0.4730000000000001,0.0027472542200237863,0.002339810342217142,0.0032147648103052384
0.4740000000000001,0.0027528099796534774,0.0023417604913224034,0.003218055455946045
0.4750000000000001,0.002758598739097518,0.0023416862294643173,0.0032197580576906314
0.4760000000000001,0.002762231636401277,0.0023409281989280823,0.003221563631588537
0.4770000000000001,0.0027608081467365,0.002341882808225148,0.003222838705401091
0.4780000000000001,0.002763606794539627,0.002343580349976975,0.0032233562628377474
0.4790000000000001,0.0027635363542265487,0.0023398696033513494,0.003222734114290481
0.47916487467198,0.002765878364744862,0.002340036212793142,0.0032213498975934914
0.4800000000000001,0.002764708525722612,0.002339664327179398,0.003221760752374093
0.4810000000000001,0.0027653339698816516,0.0023414643510328635,0.0032197713636565066
0.4820000000000001,0.0027667235429132803,0.002338238443103328,0.0032188870113530545
0.4830000000000001,0.0027668782242853186,0.00233783099996626,0.003216539442577825
0.4840000000000001,0.00276434075593928,0.0023343671716647687,0.003217281823552293
0.48492429613217025,0.002763864836667179,0.0023321713711415915,0.0032141907939088757
0.4850000000000001,0.002763870353735439,0.0023312090538860778,0.0032140228763340743
0.4860000000000001,0.00276370814293743,0.0023302892138355293,0.0032087039388180977
0.4870000000000001,0.0027620402700585045,0.0023207909591711536,0.0032086884230239634
0.4876791463813632,0.002761033372497298,0.0023218988244296896,0.003206084106666757
0.4880000000000001,0.0027606582026922584,0.002320494375670086,0.003205169096249686
0.4890000000000001,0.0027575267993002303,0.0023183384286960505,0.0031996707577994486
0.4900000000000001,0.002754890402849658,0.0023148247182625567,0.003197567481663184
0.4910000000000001,0.002754404582356798,0.002310702558730362,0.00319447300705527
0.4920000000000001,0.002752881161126938,0.002310526540178031,0.0031917702076549033
0.4930000000000001,0.0027498770476977086,0.00230855018688285,0.0031913404875495636
0.4940000000000001,0.0027475347160216346,0.002303953586024095,0.0031857548799327806
0.4950000000000001,0.0027438112510243863,0.002301711997716698,0.0031804483962385396
0.49530570055301915,0.002743702924468411,0.0022989779199797996,0.0031796368095001353
0.4960000000000001,0.002739033407903372,0.002299339128345779,0.0031767822925665838
0.4970000000000001,0.002737028418316492,0.0022973253978335615,0.0031753633200137564
0.4980000000000001,0.0027327143951740183,0.0022947275378737107,0.003170296847776154
0.4990000000000001,0.0027302929639031214,0.002293621663935554,0.0031675722760153534
0.5000000000000001,0.00272596120218977,0.0022915242298977246,0.0031633828121654523
0.5010000000000001,0.00272224432760472,0.002292673385656418,0.003158449312661168
0.5020000000000001,0.002720156868048631,0.0022893860370614173,0.0031574605110927176
0.502351060658057,0.002718815984674312,0.002289566004385254,0.003154754217082815
0.5030000000000001,0.0027168415625323777,0.0022867280165474926,0.003153336607946226
0.5040000000000001,0.00271276640671898,0.002287769671087881,0.0031481595781982785
0.5050000000000001,0.0027107493079854077,0.0022868733364855456,0.00314498672900115
0.5060000000000001,0.0027083819984015456,0.002283412251214339,0.003136580050560375
0.5070000000000001,0.0027048792336276982,0.002281622836740674,0.0031372964661921274
0.5080000000000001,0.0027022213123229478,0.0022822688963855665,0.0031318090683895333
0.5090000000000001,0.0027009596541371795,0.002282179389416676,0.0031267730898189186
0.5100000000000001,0.0026979435892427383,0.0022794748736884936,0.003120185404214684
0.5110000000000001,0.002694647430440661,0.002277754220268123,0.0031176587676937668
0.5120000000000001,0.002693703353387048,0.002283337968002299,0.003114235876724536
0.5130000000000001,0.002690015876335522,0.0022791201549524427,0.003110185124200664
0.5140000000000001,0.0026906108555629733,0.0022810466377073467,0.003107036468858182
0.5150000000000001,0.002687270610594887,0.002274637974656188,0.0031040254945533703
0.5160000000000001,0.0026858475983344123,0.0022728316260584736,0.0031000158720772475
0.5170000000000001,0.002682209380217404,0.0022728139563006895,0.003093662669498949
0.5180000000000001,0.002680834665389892,0.002272049951832279,0.0030911881134858096
0.5190000000000001,0.0026778420712992627,0.002271061319626305,0.003085174312013481
0.5200000000000001,0.002678183670531962,0.002264372010388123,0.0030812506155890604
0.5210000000000001,0.0026760390590562615,0.0022663270059149945,0.003079353415362343
0.5220000000000001,0.0026701653109311736,0.002260877860649959,0.0030757771693476826
0.5230000000000001,0.0026694754200507374,0.0022586140907441235,0.003072008945010017
0.5239716844460169,0.0026656006077447397,0.0022560557751484106,0.0030747301850561383
0.5240000000000001,0.0026673675987664517,0.002257949774077527,0.003072048348171653
0.5250000000000001,0.002662552777519569,0.002255697213663738,0.003069208772612426
0.5260000000000001,0.0026608198713892546,0.0022540637860770443,0.003068378725890518
0.5270000000000001,0.0026582700616364324,0.0022515483130555914,0.0030656859413692554
0.5280000000000001,0.0026554219301483917,0.002247067319454119,0.0030629752797686712
0.5290000000000001,0.0026507397500988446,0.002238524341825646,0.0030625911487606387
0.5300000000000001,0.0026470096102761786,0.002233685590769622,0.0030583963703564743
0.5310000000000001,0.002644477066989224,0.002228956331089039,0.0030597769239115525
0.5320000000000001,0.002642336819372612,0.002222929485600962,0.003058778740130146
0.5330000000000001,0.0026409098827989714,0.0022195949080624213,0.0030612480341771615
0.5340000000000001,0.002639109740289437,0.002209108083888538,0.0030623050131512552
0.5350000000000001,0.002635008291502638,0.002202286509205179,0.0030619607184802925
0.5360000000000001,0.0026301163966205928,0.0021918297123122476,0.003063148569094153
0.5370000000000001,0.0026285795019844412,0.0021847755431082605,0.0030643889106618085
0.5380000000000001,0.0026261564957804455,0.0021748120689167685,0.0030666736344391408
0.5390000000000001,0.0026214171524882577,0.0021669184312001185,0.0030689175622663567
0.54,0.0026207379965106957,0.002161408892562902,0.0030714134446855296
0.5410000000000001,0.002616202178312484,0.0021517172743741714,0.0030762012071595063
0.5411226687754557,0.002615580841979673,0.0021503966018052993,0.003074028712379885
0.542,0.002614809584285187,0.002140312865140945,0.003075481872927012
0.5430000000000001,0.0026117397331331432,0.0021312395409868227,0.003076107641902913
0.544,0.002610112439369682,0.0021187939397707533,0.0030767906540927056
0.5450000000000002,0.002607013451821645,0.002107230493764883,0.0030828405731790753
0.5451499868232611,0.0026065585294848263,0.00210862913053273,0.003080738091260133
0.546,0.002606413421352456,0.0020996694816568487,0.0030835797544473314
0.5470000000000002,0.0026017393397126175,0.0020978143418314377,0.0030889325638473433
0.547074622343345,0.0026029492455015442,0.0020985581830515647,0.003087038885456275
0.548,0.00259954712315072,0.0020886061140676076,0.0030955351332784473
0.5490000000000002,0.002598455499279245,0.0020801363303217485,0.0030965516668213355
0.55,0.002597544909287341,0.0020749040498389596,0.0031007575811128544
0.5510000000000002,0.002596312949507411,0.0020649549802614375,0.003107265640338925
0.5513296517400597,0.0025980392562859876,0.0020616834050189853,0.003109178415568772
0.552,0.002598112204510789,0.002058467620957773,0.0031122464528076385
0.552761719306835,0.002599181131279551,0.002053830842882559,0.0031166272156408987
0.5530000000000002,0.0025994499586919216,0.002054584586074285,0.003116928049083124
0.554,0.00259802214128414,0.0020516541124185926,0.003122923250037571
0.5550000000000002,0.00259919465942527,0.0020487811476219407,0.0031287481910121945
0.556,0.0026016045369886623,0.002047592811792908,0.0031345978258460407
0.5565150943746826,0.002601890945591279,0.0020456902167323822,0.0031340943592908
0.5570000000000002,0.0026035623559436225,0.002047667864995543,0.003137795129880702
0.558,0.002606132283504436,0.0020484280041056634,0.0031413608225874254
0.5590000000000002,0.002607478441007377,0.0020469665353959705,0.0031451145160237403
0.56,0.002608973704351709,0.0020491100140126273,0.0031496310807171573
0.5603358474285367,0.002609863776807866,0.0020471957973211908,0.0031539997021113203
0.5610000000000002,0.0026146139540217895,0.0020489747991298724,0.003157630557775475
0.562,0.0026196860298382182,0.00205276253164675,0.003164159417517957
0.5630000000000002,0.0026249775866533788,0.0020573605133296364,0.003173291925695393
0.5640000000000001,0.002630973687607984,0.0020631995747999615,0.003179489206005038
0.5650000000000002,0.0026375947558351354,0.002068919049971648,0.003185025472213019
0.5660000000000001,0.002644116526391179,0.002075863517317322,0.003195755019996237
0.5670000000000002,0.002651757180146222,0.0020807285506144984,0.0032030895636842695
0.5680000000000001,0.0026579009522752126,0.0020876301295748,0.003211884902225372
0.5690000000000002,0.0026655298077601364,0.0020955555393496173,0.0032173511964682633
0.5700000000000001,0.0026725265414863407,0.0021061771309934855,0.003223238571452327
0.5710000000000002,0.0026795479067692578,0.0021114463849339037,0.003231306481614289
0.5720000000000001,0.0026866672852054714,0.002123560828862695,0.003237022419048159
0.5730000000000002,0.0026943231394388804,0.002132061256231026,0.0032468129063679078
0.5740000000000001,0.0027002602369201067,0.0021427284239606444,0.0032519098626416472
0.5750000000000002,0.002706930672125695,0.0021521603457448028,0.003262685740902803
0.5760000000000001,0.0027161150528970178,0.0021643458672221533,0.003268673901902075
0.5770000000000002,0.0027248713868408205,0.0021762690301735292,0.0032793712848075
0.5780000000000001,0.0027339396326827555,0.0021849904452994552,0.003289130328997075
0.5790000000000002,0.0027425480663913118,0.002195687555396378,0.0032977092822100806
0.5800000000000001,0.0027511278852989855,0.0022102475267889088,0.0033042627581335833
0.5810000000000002,0.0027571847454328,0.0022206682185222227,0.003314652361997688
0.5820000000000001,0.002766006058038084,0.0022311678511923697,0.0033248528181707864
0.5830000000000002,0.00277070697553529,0.002240806794109822,0.0033350157859717146
0.5840000000000001,0.002777930552203063,0.002245999225429016,0.0033450168286191036
0.5850000000000002,0.0027852412190175423,0.002252416610911311,0.00335282512957462
0.5860000000000001,0.002790170964037435,0.0022618360467909038,0.0033606617960851557
0.5870000000000002,0.0027947126141922266,0.002270616743096626,0.003370995216594178
0.5880000000000001,0.002798936635872216,0.002276818942741957,0.0033756611594779424
0.5890000000000002,0.0028034166054756566,0.0022827642391707076,0.0033861682542291947
0.5899094400932794,0.0028085671627290235,0.0022894744985667566,0.0033988044708219258
0.5900000000000001,0.0028089499147078657,0.002288782706638076,0.003397455314088036
0.5910000000000002,0.002813401363788312,0.00229376293893543,0.0034092421734089016
0.5920000000000001,0.0028176702191386334,0.002292881306033811,0.0034192156380246043
0.5930000000000002,0.002819321729495725,0.0022945944154209703,0.0034331755406420686
0.5940000000000001,0.002822384283211637,0.002294871661283006,0.003441639751053462
0.5950000000000002,0.002822792567316167,0.0022951903856130084,0.0034498610917598504
0.5960000000000001,0.0028213323992677267,0.0022911547778150837,0.0034636661669782036
0.5970000000000002,0.002819400784323382,0.0022863662916715643,0.003476099000009315
0.5980000000000001,0.0028171135543288623,0.0022798637659385496,0.003488765017068719
0.5986891992932123,0.002816374135315444,0.0022781803855225265,0.0034956117450398996
0.5990000000000002,0.002816708865484987,0.0022753631227530146,0.003503454559436085
0.6000000000000001,0.0028154868490758776,0.0022690497930978296,0.003510427278792127
0.6010000000000002,0.0028101306182853306,0.0022603626053474086,0.0035331899069235137
0.6020000000000001,0.002805547946786305,0.0022480252858431025,0.0035460050738860983
0.6030000000000002,0.002802979517544277,0.0022298543189753555,0.003564104390050591
0.6040000000000001,0.0027990970863773744,0.0022179470132771915,0.003582573839760712
0.6050000000000002,0.0027943566571748983,0.002204540249298831,0.003596113491365235
0.6060000000000001,0.0027857642091187814,0.002182913858069208,0.0036133126434380186
0.6070000000000002,0.002779208392428146,0.0021638857807412546,0.003639356288267854
0.6080000000000001,0.0027729412137317173,0.002141167469573162,0.00365796442952915
0.6090000000000002,0.0027653705294147504,0.00211874759816537,0.0036835524384443968
0.6100000000000001,0.002756329679428533,0.002095286284514319,0.0037072271483851245
0.6110000000000002,0.0027478507167131606,0.0020644738194736754,0.00373294595713966
0.6120000000000001,0.0027435423600300638,0.0020399246645143544,0.003753574212884765
0.6130000000000002,0.0027369297752081008,0.0020049865195756146,0.00377703997306236
0.6140000000000001,0.002726366190364435,0.0019740310527218466,0.0038061537369714696
0.6150000000000002,0.0027164646214143423,0.0019403000003708395,0.0038326206361446995
0.6160000000000001,0.002711896195088761,0.0019063744779395802,0.0038593407286822835
0.6165500066672462,0.002706380839514582,0.0018857600798015592,0.0038751152503695985
0.6170000000000002,0.002701737251283943,0.001871384039637534,0.003879569518374465
0.6180000000000001,0.0026911421545290875,0.001835106202017325,0.003905062027221468
0.6190000000000002,0.002685334099211278,0.0017970854262495356,0.003931633313983944
0.6200000000000001,0.002677953968101836,0.0017551522924853019,0.0039598733109125735
0.6210000000000002,0.002665264623154945,0.001721509544405676,0.003993947407534524
0.6220000000000001,0.0026601179257687868,0.0016749004509772666,0.004027557726569703
0.6230000000000002,0.0026500260338536506,0.001633905029156918,0.0040591346956111935
0.6240000000000001,0.0026412145900321,0.0015891056579597756,0.004081474144668203
0.6250000000000002,0.002633675447165645,0.0015432849982153693,0.004120021005052276
0.6260000000000001,0.002628218476265689,0.0014992685107604283,0.004150776710992206
0.6270000000000002,0.0026204135263509414,0.0014511410660432073,0.004177293150326909
0.6280000000000001,0.0026130370089292748,0.0013985008199489612,0.004212936370812561
0.6290000000000002,0.0026008204177354398,0.0013518003555523309,0.00424613317911876
0.6300000000000001,0.0025952779086131877,0.0013078064970460561,0.004278315229145014
0.6310000000000002,0.0025846457603689423,0.001261532682831939,0.004321447466874922
0.63124373429079,0.0025821258319475666,0.0012473719907674034,0.004327547643402534
0.6320000000000001,0.002577283258589461,0.0012103333787988526,0.004360384687444574
0.6330000000000002,0.002570004338965304,0.0011670026757019366,0.004398937505180665
0.6340000000000001,0.002561646652288165,0.001125455927652147,0.00443990320588772
0.6350000000000002,0.0025552721387829824,0.0010703834872028061,0.004477109883867539
0.6360000000000001,0.0025474609796192127,0.0010193884406706126,0.004502221148482162
0.6370000000000002,0.0025391830967106893,0.0009672213128963743,0.004544768601804373
0.6380000000000001,0.002531398385341262,0.0009159543781308096,0.004581054111694389
0.6390000000000002,0.0025190765143581545,0.0008582005506915971,0.0046156694699532414
0.6400000000000001,0.002511952216620714,0.0008119334625746032,0.004656516593367137
0.6410000000000002,0.00249935619717337,0.0007524853297260822,0.004693983741014546
0.6420000000000001,0.002498022930221215,0.0007045043556533383,0.004725353693849578
0.6430000000000002,0.002491381330575437,0.0006589110480833414,0.0047565994229373425
0.6440000000000001,0.0024840770402293853,0.000605069129627474,0.004804160010927837
0.6450000000000002,0.002479060516036108,0.0005570624750930014,0.004845816162235342
0.6460000000000001,0.0024716343682200615,0.0004967706030885378,0.004877638577669455
0.6470000000000002,0.002470329218607152,0.0004479894407894055,0.004922791353370577
0.6480000000000001,0.0024621080659425355,0.0003967074319337154,0.004956945878076872
0.6490000000000002,0.002459067555578716,0.0003477931337375498,0.004991321777607451
0.6500000000000001,0.002457659539231977,0.0003008814733146747,0.005022652047781207
0.6510000000000002,0.002454664214104012,0.0002485745238793912,0.00504992229500243
0.6520000000000001,0.0024545314529949114,0.00019540745054086558,0.005090027811800045
0.6530000000000002,0.0024526727034952867,0.0001493413756396298,0.005128629535087443
0.6540000000000001,0.0024514771672799994,9.840871094756819e-05,0.005180311168969242
0.6550000000000002,0.002442661815165974,4.716314375033803e-05,0.005210345787429745
0.6560000000000001,0.002432519675714922,-1.1480031419683487e-06,0.005248569654424382
0.6570000000000003,0.002424252432978083,-5.437493750725235e-05,0.005292303036511105
0.6580000000000001,0.002412913696777706,-0.0001064497297459379,0.00532910996168937
0.6590000000000003,0.0024077356547265423,-0.00014712347520320652,0.005365382441549476
0.6600000000000001,0.0024054561713200153,-0.00020151221380076352,0.005399254088646754
0.6610000000000003,0.0023988438773144007,-0.0002515662379378219,0.005437573822789172
0.6620000000000001,0.0023866450327768756,-0.00031419145182796514,0.005468806947096576
0.6630000000000003,0.0023867156322467963,-0.0003594076894488531,0.005504622728386939
0.6640000000000001,0.0023783282066412842,-0.0004047110262744909,0.005530789243939066
0.6650000000000003,0.00236884368576908,-0.0004601090466356102,0.00556880893435679
0.6660000000000001,0.002362769560888515,-0.0005087266697855653,0.005599465872942789
0.6670000000000003,0.002363146242871482,-0.0005490567546596239,0.005634391493562944
0.6680000000000001,0.0023565090614560166,-0.0005983265071651398,0.005667168922336152
0.669,0.002354740330323514,-0.0006502445245040597,0.0056977515713715465
0.67,0.002356440124210379,-0.0006901938490707848,0.005717067356517981
