Mass,dTeffdM,dTeffdM_lb,dTeffdM_ub
0.07,12.214802640554554,9.97377177658668,14.805633409123732
0.07100000000000001,12.17386196712746,9.955873144461066,14.720000897093033
0.07200000000000001,12.11885882745057,9.943302087199786,14.64273715266777
0.07300000000000001,12.073478653997533,9.927573655637623,14.558695856574872
0.07400000000000001,12.028897210224025,9.907210709312753,14.477076301476142
0.07500000000000001,11.977777992113767,9.88584433584538,14.387967356432643
0.07600000000000001,11.927960743716572,9.860145329119872,14.307506389899615
0.07700000000000001,11.873910816221157,9.843116497669802,14.216444892743048
0.07800000000000001,11.82031058529916,9.822518905939592,14.123323207070838
0.07900000000000001,11.758714144541367,9.798204406992687,14.032904576559277
0.08000000000000002,11.703700560869034,9.772771139681769,13.942444650288795
0.08100000000000002,11.648805519279028,9.745722081048681,13.84565181773456
0.08200000000000002,11.59452278297601,9.719460051845868,13.747431587909777
0.08229766542876583,11.574380338545762,9.717299566888599,13.724115572220285
0.083,11.535216330923705,9.696059698100438,13.654828042076238
0.084,11.472731868972724,9.672581339039166,13.555417676568847
0.085,11.415305575519382,9.647499223414307,13.461735576723797
0.08600000000000001,11.346472217206573,9.618392168084021,13.355237960063494
0.08700000000000001,11.283967639872172,9.581757052564509,13.2661499779419
0.08800000000000001,11.221492949842801,9.55148446545499,13.162671601871327
0.08811479731439766,11.214937539628112,9.545241122941196,13.157702416362405
0.08900000000000001,11.156871561807304,9.51601402428938,13.065092764693237
0.08980164496364623,11.103880900406276,9.487598949417432,12.985696288905928
0.09000000000000001,11.090224471143245,9.478656229131596,12.964755626338704
0.09100000000000001,11.02129146104932,9.437223914435824,12.861394288329318
0.09138426165976109,10.996702792425952,9.422712693364,12.81949892900283
0.09200000000000001,10.953946695713961,9.39399484587628,12.762790982835856
0.09291457976248862,10.894513299168583,9.355549044259758,12.658811376676741
0.09300000000000001,10.890231428688992,9.35347162223297,12.652595098543477
0.09400000000000001,10.818113851185963,9.310746706511825,12.549678930670112
0.09500000000000001,10.744776461805916,9.264307036277273,12.442588168382915
0.09600000000000002,10.671488396360486,9.221383708006417,12.334463740049802
0.09700000000000002,10.593472725333164,9.172013368924395,12.220525760727437
0.09800000000000002,10.517945472119436,9.127252907163127,12.115125458046425
0.09900000000000002,10.44001427845346,9.07674852348325,11.997267141140995
0.1,10.365131636390828,9.029286799197259,11.885129392984087
0.101,10.290845931762606,8.976887637350004,11.771996329481777
0.10200000000000001,10.2102105144721,8.920322682160336,11.66242924289179
0.10300000000000001,10.1373413284848,8.865077870003221,11.548996937576746
0.10400000000000001,10.048545406781999,8.806017309711772,11.426682079231009
0.10500000000000001,9.967552592462742,8.756437444236132,11.304136283378764
0.10600000000000001,9.879918736014028,8.692255464324703,11.187595218304564
0.10700000000000001,9.794242895973179,8.626944488935637,11.063728155250503
0.10800000000000001,9.706022683871756,8.564790027686758,10.949631774320334
0.10900000000000001,9.615421364495873,8.500598411688578,10.827723132857056
0.11000000000000001,9.521309095016091,8.433773618822366,10.716212267563458
0.11007472155582318,9.515383703966023,8.430154886580905,10.700210131555263
0.11100000000000002,9.432438000591993,8.366299678173688,10.59614821863741
0.11200000000000002,9.340256964628345,8.287924099789839,10.471530173386341
0.11300000000000002,9.247962663366305,8.219259393279476,10.348410834626801
0.11400000000000002,9.150184425296041,8.144700321720979,10.219959695106322
0.11500000000000002,9.053463129007143,8.066857228350624,10.098729369274704
0.11600000000000002,8.960111965747357,7.988193865154773,9.979563064095997
0.11700000000000002,8.862251858394094,7.9157442600653,9.854175884325137
0.11800000000000002,8.760514685444791,7.840403803007629,9.731315401368862
0.11900000000000002,8.660185551131898,7.763759724363748,9.606342411853523
0.12000000000000002,8.557599634140779,7.689883280359252,9.48949975014619
0.12100000000000002,8.457166056413417,7.6032235936433175,9.36714235854134
0.12200000000000003,8.358036229267023,7.522691991051271,9.248489776125052
0.12290698460103891,8.262560903223271,7.442760635949801,9.142362456790234
0.12300000000000003,8.254140514275813,7.433003155701135,9.130146695582471
0.12400000000000003,8.150813976659483,7.348744979786198,9.010413679133197
0.12500000000000003,8.049010986497308,7.26145768961736,8.885667155726924
0.1251806565391655,8.027031195108394,7.249333796771662,8.864111577295912
0.12600000000000003,7.947556311990473,7.175929106718303,8.761961021322534
0.12700000000000003,7.841520512673875,7.086504536640626,8.637705848365865
0.12800000000000003,7.731393648562189,6.995830889999009,8.510201410662567
0.129,7.624434821265506,6.899171546939363,8.395992713537034
0.13,7.520081706578796,6.804135802903257,8.278438089049965
0.131,7.412199990088576,6.704827610464566,8.1598356775438
0.132,7.310080709056608,6.609822522611467,8.041274393774554
0.133,7.2022604766689735,6.509923984028475,7.919649508015893
0.134,7.0951888924904285,6.413402550027492,7.806803016825805
0.135,6.9898773300656885,6.312758000250889,7.691860113214746
0.136,6.88471625519744,6.213165314587577,7.579927172464847
0.137,6.7765323650861795,6.105191450466624,7.467236396186333
0.138,6.672125455530602,6.006535518084814,7.355512673226414
0.139,6.565655862276446,5.9012153850810085,7.242588042793738
0.14,6.459670710022851,5.797152992650542,7.132881222675569
0.14100000000000001,6.3554537882909585,5.6945672002488505,7.02479428894804
0.14200000000000002,6.250754816603851,5.594723172221635,6.911131212791396
0.14300000000000002,6.14476056301935,5.491873632902724,6.803844695191782
0.14400000000000002,6.042635876803088,5.383660650052162,6.694958474643771
0.14500000000000002,5.9352189221275315,5.280436612537348,6.584940344608354
0.14505466870481754,5.928026951770518,5.270553935308493,6.580872528384318
0.14600000000000002,5.827168197806473,5.1722381461058,6.481125165622467
0.14700000000000002,5.728650256408512,5.069488874912484,6.375790540354499
0.14800000000000002,5.624789165898782,4.959904400973344,6.272744209240332
0.14900000000000002,5.522853927728928,4.8567066172193245,6.1702655083449685
0.15000000000000002,5.422173669518986,4.756194781814436,6.069463776306648
0.15100000000000002,5.323988118037335,4.650795511004105,5.971019020600666
0.15200000000000002,5.222248801847571,4.547137247444681,5.871398615260248
0.15300000000000002,5.123232325172443,4.437554870735221,5.77024088936827
0.15400000000000003,5.026399207120525,4.334555410275742,5.672995871953646
0.15500000000000003,4.922623041484393,4.2369144072020175,5.576895828041117
0.15600000000000003,4.826284043017205,4.131645407513018,5.4793757783613035
0.15700000000000003,4.728884095884827,4.032350099427575,5.377274089150672
0.15731213362868723,4.699883211160044,3.9974057865604835,5.350218043659425
0.15800000000000003,4.634014940097046,3.926554156677711,5.282707151877093
0.15900000000000003,4.539845398532554,3.8270132073803635,5.1864323694961625
0.16000000000000003,4.447749144086883,3.7280456960643447,5.090777319907294
0.16100000000000003,4.353949456794899,3.6244057690345812,5.000172769970969
0.16103665083914465,4.352704831380179,3.6216970485495565,4.996782699880249
0.16200000000000003,4.260265756149544,3.5269644875635504,4.911764405708544
0.16300000000000003,4.168613946159478,3.4290407916769094,4.820395671571985
0.16400000000000003,4.0793242300097585,3.3331293689758463,4.7337486903517725
0.16500000000000004,3.986585195542066,3.2390365340146774,4.64615472379055
0.16600000000000004,3.8996505392804353,3.1470990029032815,4.558760737417261
0.16700000000000004,3.813304981843857,3.0594331125266985,4.4720629097441025
0.16800000000000004,3.7269677832063977,2.969646125956805,4.383986573298474
0.16900000000000004,3.6391030553130324,2.877867407836635,4.2970721340781015
0.17000000000000004,3.5525519217566974,2.7927877484546624,4.210322776359395
0.17100000000000004,3.469528716452855,2.706967152615007,4.12939102331175
0.17200000000000004,3.388152405435275,2.6224879191255557,4.0459885882815
0.17300000000000004,3.3028030761615237,2.539820801313099,3.964504397254781
0.17400000000000004,3.2219531306032385,2.4587951534614056,3.8831189285543686
0.17500000000000004,3.1443287986160375,2.377506610237977,3.7984666887006187
0.17600000000000005,3.0688229152525945,2.301659241841812,3.7176895856152283
0.17609128923313835,3.059204506270668,2.2948955967574953,3.71103828928383
0.17700000000000005,2.990230270419922,2.230114219989189,3.6418632613698367
0.17734875983495368,2.9644914058300467,2.2033277163106733,3.615170998998002
0.17800000000000005,2.9144012151044656,2.156473381204061,3.5626550968070108
0.17900000000000005,2.8404722238559383,2.082596909705489,3.491963982294592
0.18000000000000005,2.767018237659377,2.0117608827014313,3.420166519923609
0.18100000000000005,2.6904751580927733,1.9389264235617365,3.3432979304359023
0.18149697679567303,2.6542164656788674,1.9019944813792162,3.307183973035102
0.18200000000000005,2.6204153095418437,1.8670053676316427,3.271070072235173
0.18260064118189623,2.571738008367347,1.8310576578221174,3.2261640012365413
0.18300000000000005,2.545190416499686,1.8053523838545666,3.193557003110961
0.18400000000000005,2.4720339762590164,1.7395373926808535,3.1230852708506176
0.18500000000000005,2.4054972677620383,1.6725546977684003,3.054931044398852
0.18600000000000005,2.3374248320816395,1.6105735350718648,2.9862496423101326
0.18700000000000006,2.27255925020451,1.5482136683889567,2.917113639944078
0.18800000000000003,2.2079576384114907,1.4886997978822643,2.8507761127998767
0.18900000000000003,2.144341661987985,1.4282585639816738,2.7835154141472565
0.19000000000000003,2.083035715998085,1.3704052912031297,2.7197603988959496
0.19100000000000003,2.019225483301847,1.3077258035476975,2.6532438764540753
0.19200000000000003,1.9624056193582493,1.2526230926748494,2.5894481045602085
0.19300000000000003,1.9011572429165422,1.1973168591030505,2.5283270911520814
0.19394416339916454,1.8469990348584804,1.146531306983463,2.4727208441014312
0.19400000000000003,1.842005160320354,1.1448744899345569,2.4689146035747545
0.19500000000000003,1.783725980394299,1.095107963585109,2.409560568542447
0.19600000000000004,1.7282399712349308,1.039676819538783,2.35299733729578
0.19700000000000004,1.6729985674234602,0.9867869655004057,2.296451638024391
0.19800000000000004,1.619373777606964,0.9395643565695334,2.23697990503594
0.19900000000000004,1.570240962907403,0.8914438846629963,2.1781470877780036
0.20000000000000004,1.518524018059268,0.8439646559952568,2.1219715537090953
0.20100000000000004,1.4650994725119817,0.7970387104298094,2.0710875160273448
0.20200000000000004,1.4146195056094004,0.7522115935536222,2.0156662661633025
0.20300000000000004,1.3661469702453197,0.7059128480088008,1.9679608336080625
0.20400000000000004,1.3154998085368004,0.667135306884572,1.9191993751842689
0.20500000000000004,1.2705259256506196,0.6221361018271583,1.875157892746484
0.20600000000000004,1.2242397827316964,0.5783514025951941,1.8272682345773494
0.20700000000000005,1.1801237618674236,0.5348949895765748,1.7798217164346917
0.20800000000000005,1.1370206490176735,0.500656698189123,1.7326035164032352
0.20900000000000005,1.096055015601439,0.45737704504827226,1.6872258511611917
0.21000000000000005,1.0515755166422163,0.41921246874019336,1.647814409985281
0.21100000000000005,1.0092624586382652,0.3781223243434086,1.6060513715069056
0.21200000000000005,0.9725583899716986,0.33828601792758606,1.5669390339157385
0.21300000000000005,0.9335067663568121,0.3008892711236195,1.5297819169581524
0.21400000000000005,0.8971383012928664,0.2704298488687697,1.4897357302112892
0.21500000000000005,0.8616766035873229,0.23450161651561557,1.448829742225784
0.21600000000000005,0.8248493789766846,0.196481289614418,1.4137062447186681
0.21700000000000005,0.7920636249798778,0.16500404093129636,1.3789239604191332
0.21800000000000005,0.7585937932151017,0.13188873429495923,1.3429424261615908
0.21821012277366883,0.752328092658207,0.12555726074991366,1.338480545259359
0.21900000000000006,0.7278274581789529,0.09888568724226833,1.3095837332955573
0.22000000000000003,0.6931677912969756,0.06708297274624889,1.2794244169562077
0.22100000000000003,0.6611424843843821,0.038608593762535365,1.246645368630979
0.22200000000000003,0.6306511523400893,0.009599063231461211,1.2197196684885634
0.22300000000000003,0.5992851517543909,-0.021937955049315443,1.1870820385342433
0.22400000000000003,0.5728203342222556,-0.04896435236766959,1.1637179409478886
0.22500000000000003,0.5454513456594801,-0.07539590740075797,1.1366672399113993
0.22600000000000003,0.5194643316324268,-0.10187610995747201,1.1089421139502542
0.22700000000000004,0.49207869285072725,-0.12614547552230074,1.0869306324874137
0.22800000000000004,0.465320200969458,-0.15295739973827932,1.0632614772509945
0.22900000000000004,0.44529376367833184,-0.1731803920232441,1.039861866721406
0.23000000000000004,0.42323157394485417,-0.19832425647752325,1.018666222295571
0.23100000000000004,0.3984888129766038,-0.21458092589170152,0.9984831690251621
0.2315577696814219,0.38648208221379216,-0.22756436641284017,0.9878086166268956
0.23200000000000004,0.3775670299598963,-0.23387097108817023,0.9785970149393359
0.23300000000000004,0.35927932416034897,-0.25553919381688756,0.9586987267855809
0.23400000000000004,0.33884422975707784,-0.27764067967057304,0.9407965443287527
0.23500000000000004,0.3176663097346115,-0.2950545765475265,0.9218366196203709
0.23529072343218344,0.3136564332608524,-0.3015085213929342,0.9157544323552044
0.23600000000000004,0.2998942671270451,-0.3116531370269211,0.9033624098258417
0.23700000000000004,0.2849764708155449,-0.3278024110526758,0.8823177880567624
0.23721027294373204,0.2814788360410248,-0.3334640040755317,0.8783872835989395
0.23800000000000004,0.2704033278083385,-0.3415013466997075,0.8709587544301762
0.23900000000000005,0.256722732394413,-0.356719304612478,0.856103479326149
0.24000000000000005,0.24383555374075344,-0.37302380844406424,0.8450739814490351
0.24021939504308476,0.24314234483793354,-0.3736854601790804,0.8398281519530932
0.24100000000000005,0.2329714822918391,-0.3813061955431186,0.8265448267556851
0.24200000000000005,0.22044221434433078,-0.39547684383352316,0.8141371694084116
0.24300000000000005,0.2075750168051033,-0.4057526353957721,0.8047961677874454
0.24400000000000005,0.19951710539797232,-0.41452875341742185,0.7944345025445816
0.24500000000000005,0.1905378115377808,-0.42267738251672315,0.7830880483291423
0.24600000000000005,0.18406230336364102,-0.4349613733301976,0.7776843205927494
0.24700000000000005,0.17676286982293032,-0.4413972917338381,0.7664029892227333
0.24800000000000005,0.1703406479202032,-0.4487983094005747,0.7557810353042698
0.24900000000000005,0.1603158591505886,-0.453961598063365,0.7483034892981653
0.25000000000000006,0.15829228251810504,-0.4570063523271457,0.7426398376306584
0.25100000000000006,0.15192480682954185,-0.46144253705821914,0.7354674293314774
0.25200000000000006,0.14782556376254136,-0.46304221251770716,0.7284098209125665
0.2529016479389201,0.14617559543249456,-0.46430810640520825,0.722648604288946
0.25300000000000006,0.14642374678178452,-0.46294222316156863,0.7243505481630528
0.25400000000000006,0.14103486446674204,-0.4621597686098088,0.7189227895608357
0.25500000000000006,0.1426527005146007,-0.4650350017400082,0.7161991937525388
0.25600000000000006,0.13760945435702085,-0.4636515143894139,0.7149158635513061
0.25700000000000006,0.13840035579841903,-0.45703308030110246,0.7119734744899082
0.25800000000000006,0.1412367883777673,-0.4578717734581298,0.7149527606641719
0.25900000000000006,0.14318062423982114,-0.45801545314796377,0.7153175057419272
0.26000000000000006,0.14472239730077543,-0.4540398892957371,0.7161959169962866
0.26100000000000007,0.14760011681276386,-0.45270493884366325,0.7182422659751699
0.26200000000000007,0.15049474102087204,-0.4434918358331118,0.7263970750121393
0.26259866929352804,0.15302449235146923,-0.44412661633146294,0.7268285644502086
0.263,0.15696578796779664,-0.44073734129708797,0.7299672119368169
0.264,0.1633410615294459,-0.4364719932955105,0.735042673424978
0.26452825918377354,0.16439235732265856,-0.4311269974020533,0.7384468972070215
0.265,0.16957561318348002,-0.42660268769263276,0.7412789668240064
0.266,0.17459986631333932,-0.4179686942055707,0.7483161428875724
0.267,0.18499216273333763,-0.41070253898439557,0.7608730345319684
0.268,0.19547107650682227,-0.39909161622811784,0.7655673608607958
0.26818548647790896,0.19640200704065208,-0.39844415755784524,0.7693618656835831
0.269,0.2035170622777784,-0.39008777732814487,0.7754451489367765
0.27,0.21446481546949728,-0.37866135429973213,0.785647559744965
0.271,0.22287014606127004,-0.3690909735042822,0.7937830986369887
0.27136983668260917,0.22808475338026654,-0.3650846100161531,0.7995519113447561
0.272,0.235311194751715,-0.3572010051420992,0.8084102434459136
0.273,0.2472157240919326,-0.3392954341265821,0.8214876157823248
0.274,0.25929248546832995,-0.3218267243762022,0.8333811158515917
0.27423300427535136,0.2617644155016811,-0.3217619324841057,0.8383432409101793
0.275,0.2751448277215451,-0.3116646771244026,0.8481438652854146
0.276,0.2873682495233396,-0.29445100311482086,0.8630739691955289
0.277,0.3051308327819105,-0.28238746942196497,0.8770527189871276
0.278,0.31783151647049773,-0.26543579169007786,0.8921280140838821
0.279,0.33175274065484045,-0.25052320769634895,0.906034069921352
0.28,0.34808871412016623,-0.23108498310669387,0.9192380951794692
0.281,0.3631585198242596,-0.2191354673182212,0.9341608514173894
0.28200000000000003,0.38172337513398397,-0.19748453411823777,0.9506555315140586
0.28300000000000003,0.39912122207791245,-0.17882647513566,0.9715546355773637
0.28400000000000003,0.41904603286491626,-0.15930717491070076,0.987939914884032
0.28500000000000003,0.436976391731383,-0.13926685703796926,1.0072549155014805
0.28600000000000003,0.45690556180512043,-0.11887281566270504,1.0332593579773008
0.28700000000000003,0.47622298488936127,-0.09861396285442643,1.0533505861975296
0.28800000000000003,0.49614083518766455,-0.07587334911774907,1.0725077408341168
0.28900000000000003,0.5155714236688692,-0.054760788736820006,1.0964044251298297
0.29000000000000004,0.535994010655343,-0.03078900934642999,1.1186537061002246
0.29100000000000004,0.559068858915626,-0.007860270969658443,1.1406782895776755
0.29200000000000004,0.5787721782585046,0.015441829194437064,1.1645244784178486
0.29300000000000004,0.6017724368253989,0.03664591935577459,1.183347509954353
0.29400000000000004,0.6248216429652093,0.058119814267457354,1.2055001118386799
0.29428121960450315,0.6309689288821666,0.06688305729737584,1.2080122538852185
0.29500000000000004,0.6464766774951765,0.08310610196138235,1.2270385862224735
0.29600000000000004,0.6681799911675065,0.10565326317436846,1.2493217534241021
0.29700000000000004,0.6895035482823817,0.12725941663751691,1.2717550888608251
0.29800000000000004,0.7145908522032998,0.14798195032443612,1.2984814316708257
0.29819329599549477,0.7182382348990617,0.15269822360522087,1.3023461278225972
0.29900000000000004,0.7386399667829129,0.1708828155011207,1.3240821172872699
0.30000000000000004,0.7624373423291079,0.19730889912307575,1.351202874891173
0.30100000000000005,0.7872052034397692,0.22280978730385242,1.3789001742001121
0.30200000000000005,0.8095473086188003,0.24870773302208388,1.4019319327463104
0.30300000000000005,0.8340867555468952,0.26981259507624555,1.43237901121629
0.3035271393442765,0.8464231454960259,0.2852763158371331,1.4495835120985054
0.3037108917529434,0.8521635641208761,0.2917187008380535,1.4511632611181886
0.30400000000000005,0.8593620995601852,0.29991680980396895,1.459966771742825
0.30500000000000005,0.8835101249974484,0.32314799695725793,1.4856202379887355
0.30600000000000005,0.9057230160535135,0.34579588714170784,1.5090686512125786
0.30700000000000005,0.9312393070619988,0.37018189878844343,1.5366452511087312
0.3071751507199879,0.9348377317294254,0.3752202317894431,1.5385730390537709
0.30800000000000005,0.9563417321191441,0.3935487857291292,1.5581417304615375
0.30900000000000005,0.9781298300812115,0.41591495041319626,1.58912205971377
0.31000000000000005,1.0011020907211097,0.4410116036177628,1.614152855392259
0.31100000000000005,1.0266546628697661,0.4646305727234968,1.6435818499365018
0.31200000000000006,1.0512887704460647,0.49216781776449114,1.6747102772883296
0.31300000000000006,1.0775464893565012,0.513333941555337,1.7047304899245643
0.31400000000000006,1.1028058728949213,0.5369576821177207,1.7309138498028127
0.31500000000000006,1.127878185040799,0.5604231799263388,1.7577877033736042
0.3159081157786916,1.1496421709980045,0.5840485600920126,1.7821634022274297
0.31600000000000006,1.152784004071339,0.5816028883465131,1.7849083712267153
0.31700000000000006,1.1773695756005191,0.6098931306081188,1.8114723565793471
0.31800000000000006,1.2031726238601084,0.6292804653076354,1.8332183411998395
0.31900000000000006,1.2272066913468729,0.6534604786321325,1.8585254327759868
0.32000000000000006,1.2501551079924955,0.675268168970024,1.8823331029225838
0.32008860907817804,1.2527286752002464,0.6772547097690866,1.8837532939447907
0.32100000000000006,1.2779412913971582,0.7020197061248878,1.9087490400646072
0.32200000000000006,1.3003997950754362,0.7276295253967009,1.9413337814672351
0.32300000000000006,1.3240645963723687,0.748838717690054,1.965114153407002
0.32400000000000007,1.3495316548409881,0.7724240419434707,1.9866849137343832
0.32500000000000007,1.3721606440406973,0.7955674745618202,2.0112478723548586
0.32600000000000007,1.3958246693315022,0.8153093104227656,2.0384664688916385
0.32670376805998674,1.412268894766564,0.8339284566405011,2.0585524860653353
0.32700000000000007,1.4172552176583553,0.8393008625850924,2.0649212761685276
0.32800000000000007,1.4408464638139524,0.859040796655758,2.0910605218987786
0.32900000000000007,1.4646794101554155,0.8791218681295614,2.118212824917247
0.33000000000000007,1.4828427850908117,0.8971012222303846,2.141890523112928
0.33100000000000007,1.5003086596851152,0.9179239943099788,2.1689781849942777
0.3320000000000001,1.5205162698297037,0.9359491356195103,2.191238025802426
0.3330000000000001,1.5419057462669146,0.9546758999280918,2.215292160755699
0.3340000000000001,1.5633896327482768,0.975797758758287,2.237898460373951
0.3350000000000001,1.5797439408680962,0.9892055900836492,2.255037818893983
0.3360000000000001,1.5996649803244654,1.0097503782629962,2.276005529157897
0.3360275057092562,1.5997591833730425,1.0102880201876259,2.2783778895268294
0.3370000000000001,1.622063270031307,1.0280524949845016,2.294788748237188
0.3380000000000001,1.639936093121847,1.0478981844336026,2.3151280298294066
0.3390000000000001,1.6571205802194076,1.0672881795387243,2.329128003581409
0.3400000000000001,1.6750908607755874,1.0854629279578236,2.344670730195122
0.3410000000000001,1.6914008591326095,1.1004656108367856,2.362361258896656
0.3420000000000001,1.7040858971954365,1.1155965878873677,2.379324877122103
0.3430000000000001,1.7180840175757035,1.1295681583820119,2.3971292680942913
0.3440000000000001,1.7311558915982521,1.1417999090045439,2.410939313275713
0.3450000000000001,1.7458544958729776,1.1574115696188167,2.4208118098683626
0.3459180882588884,1.7588147227466866,1.1671462026521913,2.4347438336495713
0.3460000000000001,1.7596530342949694,1.16984747328366,2.436223329388814
0.3470000000000001,1.7724268505492446,1.1810555162418814,2.4461781597102092
0.3480000000000001,1.7822107804789689,1.1927760145731687,2.4582283625578563
0.3490000000000001,1.7914613432026305,1.204269986560198,2.468480940805685
0.3500000000000001,1.7988746565205576,1.2171777923904967,2.476072818595354
0.3510000000000001,1.8080659813141828,1.2282831867269717,2.4878363910833476
0.3520000000000001,1.8142099775687606,1.238974594301302,2.4882399830178636
0.35270937664471524,1.8191233246624137,1.2442230857319299,2.4877134269336576
0.3530000000000001,1.8218348063988812,1.2454199312393248,2.4951330854697185
0.3540000000000001,1.8285852771308255,1.2556926521053229,2.4960864244204513
0.3550000000000001,1.8297207751957327,1.261937324767568,2.49534634712165
0.3553068390981111,1.8326347278939266,1.2634296168661083,2.499942702418609
0.3560000000000001,1.8382082971749114,1.2682408895326875,2.4998034533946933
0.3570000000000001,1.8406430196311034,1.2759783322577543,2.496963696366908
0.3580000000000001,1.8437889247115216,1.2817318428400908,2.4926687027765704
0.3590000000000001,1.8473041057831452,1.2799114546218857,2.4892105247531813
0.3600000000000001,1.8474480281286607,1.27812467615002,2.484360442382623
0.3610000000000001,1.8490811775683487,1.2809313742213184,2.4794899319674832
0.3620000000000001,1.8508729282714125,1.287464618532306,2.4765771658298794
0.3630000000000001,1.8486899822845684,1.2826028932700946,2.4692584483138726
0.3640000000000001,1.846232516186964,1.2821771159320945,2.4608776848689824
0.3650000000000001,1.838403594517933,1.279956150675649,2.452540304153302
0.3660000000000001,1.8318129998391792,1.2748149878937922,2.443891147559846
0.3670000000000001,1.827761171143471,1.2673132000009888,2.4339765699305196
0.3680000000000001,1.8235274133466057,1.2604819528433098,2.421722616090115
0.36900000000000005,1.8142268028897381,1.254990880822116,2.407918565841619
0.37000000000000005,1.8062270789473902,1.2494631887817178,2.3952089421625273
0.37100000000000005,1.7984167970783784,1.2401276644185055,2.3832698313795246
0.37200000000000005,1.7880937923267055,1.229630261321068,2.373553717112182
0.37300000000000005,1.7783630344262416,1.2154139598217775,2.366465943213001
0.37400000000000005,1.7629868519063494,1.1957062446867914,2.3498102277650528
0.37500000000000006,1.7498532847697799,1.1860474548693707,2.3378960799181305
0.37600000000000006,1.738485159045106,1.166214539856491,2.3239399089372257
0.37700000000000006,1.7253604853446645,1.152930409064329,2.307904025266307
0.37800000000000006,1.7133694535358275,1.1298773405062936,2.2947085764246493
0.37900000000000006,1.6989627384503716,1.1120309525745662,2.280208305688932
0.38000000000000006,1.6841054057188845,1.0925779709211505,2.263367947110365
0.38100000000000006,1.670068580579295,1.0737304817571625,2.2527402129092793
0.38200000000000006,1.6537074273617711,1.0543856548809147,2.2394926874293715
0.38300000000000006,1.6391523069468592,1.038516115459848,2.2229788694930743
0.38400000000000006,1.625245375099424,1.0145721260486646,2.206814043213049
0.38500000000000006,1.6117405079094158,0.98776688291488,2.1906171815755067
0.38600000000000007,1.5983126615100103,0.9663710704650023,2.174053235482171
0.38700000000000007,1.5814886349173176,0.9462859910125524,2.159647679115664
0.38800000000000007,1.5669605443988486,0.9209328564494433,2.14623424711898
0.3889236042162152,1.550876470209512,0.9048650930385158,2.1319413155392053
0.38900000000000007,1.5515917520445148,0.9026798173190023,2.1290099263108107
0.39000000000000007,1.5323330586397128,0.8840376639945567,2.116409112473902
0.39100000000000007,1.5181578936888547,0.8557363366683873,2.101856297160547
0.39200000000000007,1.5010862414604538,0.8368024554085978,2.081059088368141
0.39252757016455536,1.493182634771299,0.8246606831460958,2.075019402100107
0.39300000000000007,1.485994122742297,0.8128284230875665,2.069545312546561
0.3940000000000001,1.469044745866979,0.7911928623517254,2.0562692333807795
0.3950000000000001,1.454079868705941,0.7690505921631408,2.0445198294544182
0.3960000000000001,1.4393140892660676,0.751547048278439,2.0306123179068383
0.3970000000000001,1.4249324621373394,0.7295773190980502,2.019015094892717
0.3980000000000001,1.4118152215194366,0.7070602475370581,2.0071525100333845
0.3990000000000001,1.3979151296884929,0.6848477115178968,1.99415040346231
0.4000000000000001,1.3826029272621383,0.6652794258838821,1.9819147579139
0.4010000000000001,1.3675882969852353,0.6464823787277874,1.9717011004942158
0.4020000000000001,1.3564306372206032,0.6231200804286722,1.9583901371683332
0.4030000000000001,1.3439996046208285,0.6091798948646153,1.9450149025506511
0.4040000000000001,1.3344814704088412,0.5943874638672646,1.9317629178925868
0.4050000000000001,1.3227208325187234,0.5793689354584848,1.9230536442714916
0.40536323829516313,1.3181435847404444,0.5754810960510466,1.9187583950101228
0.4060000000000001,1.315683494313125,0.5705149778050961,1.911281668372502
0.4070000000000001,1.3038778106313755,0.5547047320285242,1.9050492085547504
0.4080000000000001,1.2970179714920596,0.538458754997389,1.8938119722443505
0.4090000000000001,1.2864272145481843,0.5295038448833634,1.8864764659664268
0.4100000000000001,1.2788127218394512,0.5218164321538046,1.8816575973525804
0.41067343058300265,1.271864016400736,0.5158737830215498,1.8757402488636057
0.4110000000000001,1.2688784285675538,0.5117035244575363,1.8733291088585236
0.4120000000000001,1.2614320596760416,0.5047128050996192,1.864080277598199
0.4130000000000001,1.2536633379277575,0.501151051175287,1.8578401871578993
0.41302240271594065,1.2549486047360892,0.49899648250902573,1.8568929265397665
0.4140000000000001,1.2481637307183788,0.49423647674867915,1.8493117127225351
0.4150000000000001,1.240182196492089,0.48566867124932156,1.8432464443177712
0.4160000000000001,1.2351416602100633,0.48437167606872045,1.8355222918194678
0.4170000000000001,1.2301730390165075,0.47821059136420885,1.8305916606533206
0.4180000000000001,1.2244933448195605,0.48116250954808215,1.8253089275405339
0.4190000000000001,1.2197044147017726,0.4840510838631352,1.8174942467778887
0.4200000000000001,1.2183806386240579,0.4881902856295767,1.8114639153308565
0.4210000000000001,1.2115638886527886,0.4886152342241232,1.805721756835763
0.4220000000000001,1.208046889636691,0.48940090098949435,1.806553407197029
0.4230000000000001,1.209934016324428,0.4925956504695258,1.8025137042918775
0.4240000000000001,1.2083861677528671,0.49410421519100123,1.8016803222280902
0.4250000000000001,1.2059479386648921,0.5010712694564213,1.7985909767876214
0.4250810591092923,1.20736156674252,0.5045345767698849,1.798791866401586
0.42563907293008796,1.2067496716270942,0.5040013609242877,1.7973311720099374
0.4260000000000001,1.205321712624093,0.5051680287228453,1.795424837805423
0.4270000000000001,1.2065876468900345,0.5107897312496661,1.7952310554440918
0.4280000000000001,1.2091918282082406,0.5148722757160358,1.795724171412518
0.4290000000000001,1.2134361319063682,0.5252002248159069,1.7953823555089747
0.4300000000000001,1.215079013112429,0.531226770682326,1.794008749501884
0.4310000000000001,1.2150139083815121,0.539069524732538,1.7920943869527324
0.4320000000000001,1.2167325409910936,0.5530276200586781,1.7966384774363438
0.4330000000000001,1.2187663990993833,0.5648783872268378,1.8031012641138382
0.4340000000000001,1.222615240784114,0.5741518781867747,1.8037694030707438
0.4350000000000001,1.2242215745276663,0.5823548352720235,1.8074414359694004
0.4360000000000001,1.2310913620572652,0.5949996173726297,1.8073792437708502
0.4370000000000001,1.2373773830808918,0.6039434469463163,1.8063087391555612
0.4380000000000001,1.2459925052122898,0.6148099711085573,1.814537256703854
0.4390000000000001,1.252294839899009,0.6233363683224724,1.81583832003732
0.4400000000000001,1.255529921255609,0.6340777310589455,1.8220343391867613
0.44054675150163847,1.2576415464371886,0.6423640403378844,1.822974300745995
0.4410000000000001,1.264401431431317,0.6469337891836356,1.8259423407154287
0.4420000000000001,1.2687609955644172,0.6598817323837172,1.835578401181192
0.4430000000000001,1.2777977903290167,0.6692681837161312,1.8412815121669042
0.4440000000000001,1.2880095533575284,0.6810747554502881,1.8434798530643866
0.4450000000000001,1.2943877244483464,0.6924583372526406,1.8512967505921698
0.4460000000000001,1.3068145094819088,0.7040789315372644,1.8625587073769416
0.4470000000000001,1.317154143377448,0.7105734193952757,1.870766603073851
0.4480000000000001,1.3239119352928983,0.7212440842949426,1.8807009172644702
0.4490000000000001,1.3307561201947098,0.7307146446054733,1.8890901874089396
0.4500000000000001,1.339961587045716,0.7386533192659139,1.8986970963079335
0.4510000000000001,1.3494878192790924,0.7515492052457146,1.9074428181920031
0.4520000000000001,1.3572245357402848,0.7598683820133554,1.9206208401885518
0.4530000000000001,1.3660111614383836,0.7696926226112527,1.9306689484928805
0.4540000000000001,1.3735553944101602,0.7790916835757253,1.943095153126563
0.45500000000000007,1.3844842047726522,0.7883171070391891,1.955359574550619
0.45600000000000007,1.389420822599963,0.796926983749062,1.9669069477455925
0.4570000000000001,1.400251168475083,0.8071998513465338,1.978639959666091
0.4580000000000001,1.4092199052110346,0.812682947206511,1.9938723144284383
0.4590000000000001,1.417071484514803,0.8219415722130164,2.006483376801028
0.4600000000000001,1.4267558709608736,0.8312020209513783,2.0174505620737886
0.46079381980549183,1.4320960601472585,0.8360390866574554,2.0285451439056668
0.4610000000000001,1.4337741898477592,0.8403038519550916,2.029310131575243
0.4620000000000001,1.4451459738219765,0.8497711846027387,2.039687020976319
0.4630000000000001,1.4576242830447133,0.8561446956101751,2.0507425915135347
0.4640000000000001,1.4665417319427796,0.8644506880824223,2.0627967430890926
0.4650000000000001,1.4776758062851725,0.873117639414289,2.0771215527002203
0.46539542261852596,1.4834930012361502,0.877490581902171,2.082676716871578
0.4660000000000001,1.4896522356023008,0.8851493031862699,2.0920199992019777
0.4670000000000001,1.4980550565491877,0.8902130904091707,2.105697300451703
0.4680000000000001,1.5092547560293041,0.896647104452067,2.1169597679058416
0.4690000000000001,1.5160276571620177,0.9037108661014782,2.133197358668987
0.4700000000000001,1.5291478519190822,0.9142044652934409,2.145510494026826
0.4700624963461735,1.5295005075107135,0.9114920839848002,2.1448906949353708
0.4710000000000001,1.5410490949330942,0.9197147277845042,2.1574496470386406
0.4720000000000001,1.55154474127967,0.9287809504986445,2.1697745923108895
0.4730000000000001,1.5618605004751571,0.9433295927585583,2.1834105608677294
0.4740000000000001,1.5704302078792096,0.9499741636483522,2.1952981673547702
0.4750000000000001,1.5823720423749519,0.9598219287849592,2.2090915753345195
0.4760000000000001,1.589443356448566,0.963348180816749,2.2220651238046862
0.4770000000000001,1.6002118452634886,0.9736277137302953,2.2324640451986792
0.4780000000000001,1.6114056834271515,0.9858567379014578,2.246598801882314
0.4790000000000001,1.621838042853939,0.9950772584852661,2.259750284553336
0.47916487467198,1.6252537740624138,0.9972751109589122,2.2599395886219504
0.4800000000000001,1.6332850677851223,1.004470578543993,2.27148391819807
0.4810000000000001,1.643076006874622,1.0153160974467104,2.2797934748885798
0.4820000000000001,1.6544809710225765,1.024013077143646,2.290057944921799
0.4830000000000001,1.6677343241074576,1.0348918546533317,2.3022495281990802
0.4840000000000001,1.6762497150672033,1.044438641321105,2.316991963650487
0.48492429613217025,1.6891451883083233,1.0513264619975229,2.3290713931055143
0.4850000000000001,1.687263193733657,1.052907547333688,2.3272115022642783
0.4860000000000001,1.6962397269598308,1.0645401260880643,2.3424878645899496
0.4870000000000001,1.7092743465922315,1.0736997212411885,2.3511631172469714
0.4876791463813632,1.7152783018882347,1.081345949399763,2.3585520616343376
0.4880000000000001,1.718453019157523,1.0853754814028704,2.363715336077903
0.4890000000000001,1.7307933275176601,1.098612501013134,2.378652871162426
0.4900000000000001,1.7401335407316583,1.115022835525668,2.3882385051191997
0.4910000000000001,1.7537152467161483,1.1228857675624477,2.402727753392133
0.4920000000000001,1.7618034713798814,1.1355109897759448,2.4083516110636776
0.4930000000000001,1.7710933872931283,1.1485367073162185,2.420202569696621
0.4940000000000001,1.7849805173823294,1.1564223957369615,2.4269241864048228
0.4950000000000001,1.7960897453795424,1.1691378477696317,2.4422629111227057
0.49530570055301915,1.7976204596888465,1.175006007438817,2.441892507828751
0.4960000000000001,1.80668027437015,1.1850224069614568,2.449703333273389
0.4970000000000001,1.8177743574122023,1.1935933580990354,2.4679680898713166
0.4980000000000001,1.829646455279029,1.2049699704909989,2.4786400290253896
0.4990000000000001,1.8437822691375505,1.216770094803124,2.492288142221489
0.5000000000000001,1.8572965220645803,1.2313348439164322,2.5013391455219463
0.5010000000000001,1.8708144245481724,1.2469582044832321,2.520329517322657
0.5020000000000001,1.8867455063215521,1.256382257511749,2.532374607550092
0.502351060658057,1.8905768250184136,1.2608649208759628,2.5346808954393847
0.5030000000000001,1.897252458388887,1.269281902339056,2.5390258402381205
0.5040000000000001,1.9095682732989698,1.284221355205961,2.551987600500798
0.5050000000000001,1.9241815087571168,1.2980875011110227,2.5644249241943022
0.5060000000000001,1.9387060316172904,1.312236409609529,2.5801398030494296
0.5070000000000001,1.9510633868484368,1.3246806916326048,2.5895150714997586
0.5080000000000001,1.9640248826049518,1.3398056966020504,2.6032540171109257
0.5090000000000001,1.9792807638453351,1.3547730200977155,2.6174973463921534
0.5100000000000001,1.9913170909354885,1.362845754831331,2.6348305749073457
0.5110000000000001,2.0081678859680676,1.3774604521488962,2.6515919452755536
0.5120000000000001,2.0227930341336755,1.3919933883940867,2.6626561603659185
0.5130000000000001,2.035303742946633,1.4049474377470297,2.6764788359621337
0.5140000000000001,2.0512652579184416,1.421480085557819,2.6912357200549595
0.5150000000000001,2.064867463431795,1.4331300886252116,2.70933925012877
0.5160000000000001,2.0781317822225924,1.447964455631611,2.727025369559531
0.5170000000000001,2.0894734272289153,1.4605375943051895,2.74106811368754
0.5180000000000001,2.1040244474268697,1.476064319462771,2.756582485791796
0.5190000000000001,2.1215584173719093,1.487611016459819,2.7717122336031452
0.5200000000000001,2.1339671879699713,1.4996876318708345,2.789181358465068
0.5210000000000001,2.145964918861528,1.5131957105982008,2.7999115185268204
0.5220000000000001,2.1636940849307575,1.5249824151664488,2.8174531438437738
0.5230000000000001,2.1774894437250265,1.5385053061500882,2.8312900292101553
0.5239716844460169,2.1931531058425398,1.5526284682838813,2.849580550644203
0.5240000000000001,2.193096798320824,1.5556963751982797,2.8483495771556475
0.5250000000000001,2.2087360833943173,1.5741018497163963,2.865605078012413
0.5260000000000001,2.222779350571915,1.5841790697970421,2.8856364297538084
0.5270000000000001,2.2354201779104965,1.5963624082474526,2.902374540302839
0.5280000000000001,2.249552410247558,1.6087214161487013,2.9249573251762992
0.5290000000000001,2.262092536592938,1.6214097256994782,2.9423342968235184
0.5300000000000001,2.2771601379639765,1.639023859589903,2.96028559259722
0.5310000000000001,2.291658329932373,1.6474045134419883,2.9772889365553743
0.5320000000000001,2.308103687770323,1.6584785738010994,2.9928299533724516
0.5330000000000001,2.3249317077853506,1.6683562845961009,3.010045824039646
0.5340000000000001,2.340471597441162,1.6822412817375803,3.030156214684408
0.5350000000000001,2.350315688180587,1.6889110451362952,3.049141390474959
0.5360000000000001,2.369346438644652,1.7008109208905806,3.069068371621648
0.5370000000000001,2.3834950125179257,1.7100170133425128,3.083837133843627
0.5380000000000001,2.3986884136831974,1.7234602506769234,3.1030272551069786
0.5390000000000001,2.414274497029012,1.7325795112657154,3.1209626051758868
0.54,2.427665654868379,1.73974609905413,3.13797897813968
0.5410000000000001,2.4406421038594077,1.7504321864213772,3.1586721657506733
0.5411226687754557,2.4427011591645393,1.752934791691934,3.162241768250046
0.542,2.453657495510291,1.7620769965663978,3.178129248744227
0.5430000000000001,2.467463719272122,1.7727461177928872,3.2007609497330685
0.544,2.479966425252159,1.7836391561099565,3.222814910369558
0.5450000000000002,2.4926614686022672,1.7950226568409469,3.237490308156504
0.5451499868232611,2.496436973543099,1.7926054162010743,3.23752868468908
0.546,2.506904134219599,1.8011517365185323,3.2542677688763884
0.5470000000000002,2.52026213982815,1.815459986110636,3.2710464017449428
0.547074622343345,2.520744540231047,1.8154900327385892,3.275660007555869
0.548,2.5329323767890664,1.82109174062977,3.2926554542013324
0.5490000000000002,2.5444407574415204,1.8314389342038515,3.311343741937564
0.55,2.561009861223218,1.8374365641405228,3.325146089623414
0.5510000000000002,2.5768715774654676,1.8475773098028827,3.3443658589328726
0.5513296517400597,2.5828584749325687,1.849611600163798,3.347392148906917
0.552,2.5898323554026126,1.853599252570507,3.3620224637026386
0.552761719306835,2.5990057912724382,1.8638702296296534,3.376582436775493
0.5530000000000002,2.603471757268217,1.8646018491953664,3.387682476907587
0.554,2.6184254790308823,1.8712889391465088,3.3986855065287607
0.5550000000000002,2.6308632068898734,1.8814343065949852,3.4199481178142337
0.556,2.6397094941712,1.8913058610659448,3.4428224341175175
0.5565150943746826,2.645437641830285,1.8967103264858136,3.4511641603508973
0.5570000000000002,2.6516842798807754,1.9019743527772528,3.4558073168786545
0.558,2.6660306703209127,1.914394703519343,3.4724386612850147
0.5590000000000002,2.67859110276638,1.9254151096880558,3.4912703408742516
0.56,2.6891533176355225,1.935449544123899,3.50741820030202
0.5603358474285367,2.6927634912017253,1.9408140525093436,3.5131944158706876
0.5610000000000002,2.701385783084613,1.9422786131125058,3.523392414101183
0.562,2.716424029777047,1.9478711482573794,3.5451939932360332
0.5630000000000002,2.7290926682805163,1.9536868503799123,3.5655911793724906
0.5640000000000001,2.7419074182630103,1.963320330060434,3.58627921179614
0.5650000000000002,2.7499425414191334,1.9696391851242785,3.606745006251189
0.5660000000000001,2.762136106949892,1.9760495630922728,3.618461292102261
0.5670000000000002,2.7725298893060963,1.983323559721771,3.6420693033668465
0.5680000000000001,2.782961161203463,1.982807702545517,3.6585431600386826
0.5690000000000002,2.793536548714911,1.9875286217031891,3.6828772465818966
0.5700000000000001,2.803902082334226,1.9952150593753857,3.7007698157520554
0.5710000000000002,2.812752428987219,2.000469774342542,3.713268299377417
0.5720000000000001,2.823839114384449,2.00611457431481,3.734144999902903
0.5730000000000002,2.8363584772469994,2.011103849184439,3.750181671126553
0.5740000000000001,2.848325844125687,2.0145250474002276,3.7570810567864448
0.5750000000000002,2.8589122197810983,2.015339918949224,3.7784954325181905
0.5760000000000001,2.8689818798073965,2.018190040848342,3.788133079190013
0.5770000000000002,2.8764725694454496,2.0150353513130157,3.80602141596374
0.5780000000000001,2.8855192181250238,2.010581085259358,3.8174781393918993
0.5790000000000002,2.892460429418114,2.0115433918546612,3.8400118527113505
0.5800000000000001,2.898577882581758,2.0090124213824727,3.855379930326835
0.5810000000000002,2.901168546965101,2.0079604317768234,3.872893455241499
0.5820000000000001,2.9061747321877225,2.006322419518061,3.8924255647847152
0.5830000000000002,2.9109920252320856,2.0075074777557758,3.9118663671780576
0.5840000000000001,2.9153257084530626,2.0057679078665513,3.927559712648139
0.5850000000000002,2.9201550683831896,1.9977513766539932,3.9470963251300013
0.5860000000000001,2.924729148046369,1.9956651354297223,3.9682086891610258
0.5870000000000002,2.9312728606968355,1.9921494069428025,3.9898813490393334
0.5880000000000001,2.9319096007266485,1.9845478855961471,4.010890827624941
0.5890000000000002,2.9327329936607405,1.9798731671933831,4.02801771045237
0.5899094400932794,2.935634327642528,1.9701135221846455,4.047819111393052
0.5900000000000001,2.935807905434065,1.9720131142453776,4.048081387648938
0.5910000000000002,2.9418340966810548,1.9650430840444328,4.069228208530609
0.5920000000000001,2.943499827893972,1.9511099949275263,4.097564767594778
0.5930000000000002,2.9434876623240216,1.939848538568048,4.120687664917228
0.5940000000000001,2.9464257991528444,1.9327951772115717,4.139070281424603
0.5950000000000002,2.945761379864132,1.9228629076326276,4.159294361706891
0.5960000000000001,2.9487542995593192,1.9094883490318275,4.178567709529331
0.5970000000000002,2.950614349821576,1.8961027087597833,4.209092238085301
0.5980000000000001,2.95237306213639,1.8862194834569974,4.2281693521664865
0.5986891992932123,2.9520592180519802,1.875514674295589,4.239564604222688
0.5990000000000002,2.9540182818112517,1.8717425071428742,4.24636446302476
0.6000000000000001,2.9506343667587154,1.8565941233454282,4.260153765081691
0.6010000000000002,2.950500147342129,1.8404383499739179,4.278736212738967
0.6020000000000001,2.9469788331337563,1.81818057461459,4.297561834130367
0.6030000000000002,2.941902925777525,1.795849557817407,4.31894976044231
0.6040000000000001,2.9443003237801806,1.7746467022147603,4.338721067868653
0.6050000000000002,2.9367134337142047,1.755157770934522,4.358743373091244
0.6060000000000001,2.934503217304639,1.7310083732346149,4.384064051452125
0.6070000000000002,2.9303776975326152,1.7095884227142237,4.406638564238883
0.6080000000000001,2.918833381924157,1.6853345151301036,4.433509448708831
0.6090000000000002,2.914540094827029,1.6585590698009947,4.455144051069478
0.6100000000000001,2.9050155359334573,1.6324260107691062,4.473567950138116
0.6110000000000002,2.9006648535648556,1.5995284306701767,4.491475517480627
0.6120000000000001,2.8909479873624524,1.573100493919344,4.5154812549658905
0.6130000000000002,2.88739051869994,1.542997056758566,4.532569810378861
0.6140000000000001,2.8811571889853864,1.5157283282036649,4.548894789586214
0.6150000000000002,2.8755139122085502,1.4821191599833043,4.5701328783032
0.6160000000000001,2.8699290719068467,1.44702927113808,4.594926358526678
0.6165500066672462,2.863620095176876,1.431729912201974,4.6096198051146935
0.6170000000000002,2.855806668162896,1.4146897915296028,4.617392382283764
0.6180000000000001,2.850337246837085,1.3798149242486075,4.634664740605663
0.6190000000000002,2.844981443776714,1.3417325495228853,4.654074719199979
0.6200000000000001,2.8326199714264613,1.307638984897587,4.6752650525824855
0.6210000000000002,2.824502832460184,1.2670991522345756,4.686991509431532
0.6220000000000001,2.81407229141503,1.2264312922702523,4.719205539399025
0.6230000000000002,2.8057075650305654,1.1861427352880338,4.732340094865403
0.6240000000000001,2.7951520424715053,1.149700474659065,4.752216958707368
0.6250000000000002,2.7863358408302945,1.106854614986715,4.7709921072122485
0.6260000000000001,2.772140253026484,1.0639653622006136,4.79544839815067
0.6270000000000002,2.7659650288861033,1.025350375448478,4.819732724561351
0.6280000000000001,2.7527008863004356,0.9836291076645343,4.839701245720818
0.6290000000000002,2.7407625165358973,0.9415431428593776,4.864950085164005
0.6300000000000001,2.7304616915918705,0.8951656656519257,4.89256889706772
0.6310000000000002,2.7213219613488127,0.8523275324986334,4.903587045186681
0.63124373429079,2.71660716761502,0.8364176770688474,4.910412872014611
0.6320000000000001,2.7158508196007145,0.7964297595956314,4.9326167671416545
0.6330000000000002,2.7071964169278186,0.7549286090712144,4.9494291250614815
0.6340000000000001,2.6978710180354226,0.7127345413053847,4.969750430923808
0.6350000000000002,2.690668883204813,0.6693899482075734,4.988529988090043
0.6360000000000001,2.6786030558613243,0.6277899399625746,5.011947861960623
0.6370000000000002,2.66725268855162,0.580127621198329,5.032893639316093
0.6380000000000001,2.6523340068747308,0.5353096021266598,5.047654786773752
0.6390000000000002,2.6421370999675586,0.4834456146082256,5.066394894893856
0.6400000000000001,2.6233466148642095,0.43464030334416137,5.086381987779619
0.6410000000000002,2.61202160986729,0.38776008782810223,5.1016286808497275
0.6420000000000001,2.6000202012334594,0.33151364098625985,5.127299016480399
0.6430000000000002,2.584791687188301,0.2898881839030725,5.159046337838761
0.6440000000000001,2.56237132322773,0.221752231272469,5.179825525652168
0.6450000000000002,2.554088802730674,0.18350613186610507,5.194521566443335
0.6460000000000001,2.5339484682545907,0.13484344366356626,5.204873957703809
0.6470000000000002,2.5205407138971045,0.08663681409697334,5.218809880395448
0.6480000000000001,2.5007455799933,0.033994054465160364,5.238825739844911
0.6490000000000002,2.4815275314185796,-0.014370680960609847,5.262159512977076
0.6500000000000001,2.459788971986823,-0.06431843857546192,5.2701115970049415
0.6510000000000002,2.448647142682957,-0.11425454346209193,5.289798293658274
0.6520000000000001,2.436858756749406,-0.16215996072478864,5.309147746912634
0.6530000000000002,2.424841933653729,-0.21063064324164368,5.337981040615496
0.6540000000000001,2.4056272060078734,-0.2662731813657187,5.347888149974741
0.6550000000000002,2.3945693873062126,-0.3139428296275809,5.370083894100644
0.6560000000000001,2.3731107676138503,-0.37812840746826515,5.381517813098194
0.6570000000000003,2.366316712469668,-0.42757820756770637,5.406216517840464
0.6580000000000001,2.357014963311252,-0.4825930483930797,5.412198296990117
0.6590000000000003,2.3433927629107965,-0.5357961545599894,5.442129438692171
0.6600000000000001,2.3263819184351004,-0.5945521618447376,5.460583464125476
0.6610000000000003,2.3085100752617325,-0.6569006350021117,5.484689518845694
0.6620000000000001,2.293089966653533,-0.71690286113287,5.513873831522733
0.6630000000000003,2.278112536034702,-0.7762121572941252,5.535318917249563
0.6640000000000001,2.2696266639751834,-0.8449147664016448,5.545596111445184
0.6650000000000003,2.2457363334502216,-0.8936599217791013,5.569888255077943
0.6660000000000001,2.227948146289095,-0.9478733182220873,5.586068161539483
0.6670000000000003,2.209239697015403,-1.0056483211076597,5.598883348894187
0.6680000000000001,2.1919268893566164,-1.0709931104121178,5.6093521643686755
0.669,2.175162198988873,-1.1132548064503847,5.636912334208533
0.67,2.1506617428078427,-1.1853586824872857,5.650490061437843
