Teff,LogL,LogL_lb,LogL_ub
2100.0,-3.520006548613286,-3.715452930380996,-3.333565911550116
2105.0,-3.519743314876423,-3.71116862327589,-3.3359042050961127
2110.0,-3.5187375066496314,-3.7068863248544694,-3.338045525041863
2115.0,-3.517638815694842,-3.703121611218572,-3.339829583741056
2120.0,-3.5167276150497013,-3.6991403473183815,-3.3425328233676184
2125.0,-3.5158847140602703,-3.6952296407000143,-3.344053447406982
2130.0,-3.5146044947035757,-3.6910260920714455,-3.346166504834055
2135.0,-3.513305812053771,-3.687180574586782,-3.347717703698797
2140.0,-3.512579322596805,-3.6838873795873965,-3.349297357041163
2145.0,-3.5114444981751336,-3.6792490264264113,-3.3511646934515045
2150.0,-3.509811325522546,-3.6751978313745775,-3.352127948395874
2155.0,-3.5094193802907454,-3.6713142907674077,-3.354060211880889
2160.0,-3.508006713173292,-3.6679304006870628,-3.3555370228750965
2165.0,-3.506874652797583,-3.6637283184151763,-3.3572187286584696
2170.0,-3.5055305113464357,-3.660172636018825,-3.3586242092106136
2175.0,-3.5043629779982126,-3.65669386336862,-3.3598912252756565
2180.0,-3.5028912726279398,-3.6518326554932177,-3.360768503912409
2185.0,-3.5015975702852895,-3.6476502575688317,-3.362081138362709
2190.0,-3.499890894308617,-3.6433148083715774,-3.3633679833835566
2195.0,-3.4981525372032287,-3.6392588610799086,-3.364027276953594
2200.0,-3.496588989091376,-3.6348471425911715,-3.3647326387101675
2205.0,-3.494762714042477,-3.6306379859251883,-3.365854017754706
2210.0,-3.4928304615120935,-3.626701304713799,-3.366204699216374
2215.0,-3.4907858616543503,-3.6228040048947903,-3.367132516458809
2220.0,-3.4890226720749897,-3.6184053789754165,-3.367808281446195
2225.0,-3.487300112096436,-3.6143238180761226,-3.3680466122876864
2230.0,-3.4854630222767526,-3.6102594257469454,-3.368175172115006
2235.0,-3.4834906958144023,-3.6065498645803333,-3.368437171014331
2240.0,-3.4812746623075874,-3.602719227645902,-3.3682886567731627
2245.0,-3.4793850083494413,-3.5982070624213107,-3.3689074941302666
2250.0,-3.477268413895648,-3.593890506534013,-3.368232043725846
2255.0,-3.4753231580116184,-3.589669332428911,-3.368057215020104
2260.0,-3.473229373046877,-3.585476025850596,-3.3680500365191053
2265.0,-3.471363928542838,-3.5813761392898873,-3.3678302048158995
2270.0,-3.4688934194591097,-3.5770362889012164,-3.3676370806895806
2275.0,-3.4664784069079415,-3.5727076696200837,-3.367539178815017
2280.0,-3.464649072912086,-3.568348946234808,-3.36680952818351
2285.0,-3.4622817874995624,-3.5636449654635554,-3.366400148712244
2290.0,-3.4597910087557335,-3.5595872998132125,-3.3662588305251586
2295.0,-3.457222543336104,-3.5552489559355855,-3.365655606576749
2300.0,-3.45440373991844,-3.550954997962084,-3.3649993933270657
2305.0,-3.451846801254433,-3.5467527493557003,-3.3642829669564724
2310.0,-3.4492421822306367,-3.542656534295813,-3.3636947769131447
2315.0,-3.4470576760246843,-3.5385484364989073,-3.3624560164655444
2317.475794940307,-3.4458014389462988,-3.536300207067327,-3.3615117536005124
2320.0,-3.444251003147653,-3.534386167650272,-3.361192531612286
2325.0,-3.441413781466543,-3.5303852261439865,-3.3599335431215893
2330.0,-3.4388775941053584,-3.5264867325739346,-3.3588712984530953
2335.0,-3.436130330774188,-3.522033133209941,-3.3574078369172016
2340.0,-3.433410443178955,-3.517872098480215,-3.355755477402166
2345.0,-3.430503210508065,-3.513175018253752,-3.3543570826524465
2350.0,-3.4277955465925296,-3.5088363809155965,-3.3528951547565526
2355.0,-3.4247798777498866,-3.5045823589859046,-3.3509690820221003
2360.0,-3.4215565245695307,-3.49992695798011,-3.3490989420545283
2365.0,-3.4183945668715783,-3.4958302692234815,-3.34707960403598
2370.0,-3.4155123574834727,-3.4911559771957243,-3.344904328918979
2375.0,-3.412089940955542,-3.4870812986267095,-3.3428635017945387
2380.0,-3.4092921564841427,-3.4824220013928997,-3.3406436865565925
2385.0,-3.4057844616793287,-3.4777267318980116,-3.3388641528631657
2390.0,-3.4027091519769206,-3.47322854790778,-3.3360516459943224
2395.0,-3.3994261257609564,-3.4689429364696207,-3.333813945893758
2400.0,-3.395754034856698,-3.464577303013654,-3.3315062827833493
2405.0,-3.3922261011282644,-3.4600740476519865,-3.329359176222123
2410.0,-3.388946312405327,-3.4555510998625985,-3.3268749083326816
2415.0,-3.385371570635929,-3.4509798239573546,-3.3241291167216063
2420.0,-3.382071318247999,-3.4464860118556477,-3.3213443350264913
2425.0,-3.3786228978491266,-3.4418174541574666,-3.3182596287193755
2430.0,-3.3748884346391996,-3.4374259892999235,-3.315532285937138
2435.0,-3.37137689289638,-3.4329902282451874,-3.312984221120955
2440.0,-3.367835198065093,-3.428814071933568,-3.3098040386546783
2445.0,-3.364074186340696,-3.4243036973017005,-3.3070659387569146
2450.0,-3.360323898146192,-3.419893939116108,-3.3038211019746755
2455.0,-3.3564117554909085,-3.4155110542466005,-3.3006696807447127
2460.0,-3.352503658155443,-3.4109628038081237,-3.2973305450030517
2465.0,-3.3487583073479454,-3.406254937942038,-3.2938573264879825
2470.0,-3.3450509497647776,-3.401776690551841,-3.2906565001996775
2475.0,-3.34117385158392,-3.3974162601397278,-3.2867684354422106
2480.0,-3.3372849750740112,-3.3930964278727096,-3.2833354828016654
2485.0,-3.333108757609858,-3.3884102786528296,-3.2799416201905895
2490.0,-3.3288078395639413,-3.3839625769041453,-3.276296441368154
2495.0,-3.324839098831069,-3.378936048235701,-3.2727222529864477
2500.0,-3.3208219523213325,-3.374646398382688,-3.268917935061463
2505.0,-3.316482221328268,-3.369709119252028,-3.2652041420900417
2507.9993560328935,-3.3140957043575527,-3.367138386509459,-3.262831024021919
2510.0,-3.3123945594051234,-3.3650404903602067,-3.2611936909154147
2515.0,-3.308126009933795,-3.3605560792627664,-3.2572272800997606
2520.0,-3.3038467023429514,-3.355846042109588,-3.2532817128754794
2525.0,-3.2994481379076843,-3.3510568140448367,-3.2489286931275454
2530.0,-3.2952172959065313,-3.346453604990731,-3.2445917538897127
2535.0,-3.290747211196532,-3.341873121559133,-3.240455380338201
2540.0,-3.286262515140479,-3.337131682761687,-3.2363673709218115
2545.0,-3.2817903628531226,-3.3319958160409935,-3.2319915105661132
2550.0,-3.276964361965281,-3.3273128844192157,-3.227460735049329
2555.0,-3.2725748029685082,-3.3227445968360203,-3.2231941537386657
2560.0,-3.2677666851981897,-3.3179372812798076,-3.2186418431599253
2565.0,-3.2631844930149154,-3.3127227692242545,-3.214504429071837
2570.0,-3.2582653370472086,-3.3080630167443363,-3.210174304550619
2575.0,-3.2538368687031864,-3.303142585063782,-3.205552208739533
2579.606902889915,-3.2493919541911174,-3.298310639327005,-3.201297696889144
2580.0,-3.2490537053213906,-3.2979987076307404,-3.2010198016321696
2585.0,-3.2440394372977686,-3.2929723685177423,-3.196021925322216
2590.0,-3.2391499958022414,-3.288043052220514,-3.1914743886890835
2595.0,-3.234247440434685,-3.2830253933653983,-3.1868579382164763
2600.0,-3.2293454153550734,-3.2777624049400993,-3.1818662046310604
2605.0,-3.2243477859575096,-3.272653088868164,-3.1769909246453985
2610.0,-3.2192074160822433,-3.2676242653876266,-3.171959578428388
2615.0,-3.214127569698311,-3.2624979465302295,-3.1668166305565717
2619.176521634421,-3.2098079791558645,-3.257961775759932,-3.1621474813684647
2620.0,-3.208920304744202,-3.256990028526587,-3.1615493341025647
2625.0,-3.203846549829737,-3.25163038156941,-3.1560311918423434
2630.0,-3.1986318421684956,-3.246312941645277,-3.1511011059938125
2635.0,-3.193252237606565,-3.2410260390532213,-3.145788765157194
2640.0,-3.187923060731715,-3.235495584668259,-3.140332283429121
2640.2397321854924,-3.187778275423007,-3.2351132625853714,-3.140270593688428
2645.0,-3.182435469212299,-3.230047845817425,-3.1353000539078106
2650.0,-3.177138941942851,-3.224408007446511,-3.1297745365687155
2655.0,-3.171504267207714,-3.218788488732289,-3.1244104640816777
2660.0,-3.1659692496626772,-3.2132325472635888,-3.118929608070066
2665.0,-3.1603800665327206,-3.2074774417301466,-3.1133772676890166
2670.0,-3.1544340172116594,-3.2016554806033253,-3.1078838857171647
2675.0,-3.148974852899435,-3.1961781771425217,-3.101958717872537
2680.0,-3.1431510416524358,-3.1902582345960595,-3.096088303132451
2685.0,-3.1374284092264753,-3.18460499405595,-3.0903538324079753
2690.0,-3.1316067888488495,-3.1789396321712124,-3.0842812994294726
2695.0,-3.125795086067904,-3.1733410723335274,-3.0783426687518545
2700.0,-3.1199360727321386,-3.1675329861329544,-3.072448522998273
2705.0,-3.113773780139546,-3.1613071220495796,-3.06665972077321
2710.0,-3.107844445958455,-3.1553469914147327,-3.060582519492464
2715.0,-3.101896132017809,-3.149250438639246,-3.054258478571442
2720.0,-3.095829393114755,-3.1433406548935063,-3.048228183513621
2725.0,-3.089669519266149,-3.137513649084374,-3.0418981893517336
2730.0,-3.0837867692776326,-3.1314151699138835,-3.0354136010972885
2735.0,-3.0773169738561883,-3.1253278137866674,-3.029253358897071
2740.0,-3.070878414953871,-3.119169787086335,-3.0231199313741905
2745.0,-3.0645375970984925,-3.1128798784628273,-3.0166188724818745
2749.1289370858976,-3.0592614367184705,-3.1076951690723993,-3.011256914196436
2750.0,-3.058135909221291,-3.106647713351888,-3.0102097672151933
2755.0,-3.0516185859214437,-3.1001463131415385,-3.003673376992314
2760.0,-3.044921299459678,-3.093692693886535,-2.997207767717985
2765.0,-3.0385040528331935,-3.0872215724317997,-2.9906049178522536
2770.0,-3.032026001626164,-3.0807007041893466,-2.9840270228865866
2775.0,-3.025153888725561,-3.0743815363582274,-2.9775937217649586
2780.0,-3.0185486830704216,-3.06763953749057,-2.9707694697694857
2785.0,-3.0117691708974474,-3.0608495375089855,-2.9639683000573025
2790.0,-3.0049539598985433,-3.05366698216383,-2.957009263217518
2795.0,-2.997962010919993,-3.046989207230006,-2.9505217551993854
2800.0,-2.991176847327389,-3.040092386169877,-2.943532851473874
2805.0,-2.984198996489728,-3.0332096636067893,-2.9368706018108193
2810.0,-2.977031710784849,-3.026406888689804,-2.9299879060342033
2815.0,-2.9699074185648437,-3.019270817619948,-2.9227260892249562
2820.0,-2.962801817064057,-3.0121762910811154,-2.9157038905161987
2825.0,-2.9556153995531824,-3.0052117983480335,-2.908491043788515
2830.0,-2.9484648114963274,-2.9979431254069664,-2.901341499045134
2835.0,-2.941212620364862,-2.9904896049696066,-2.89407293662477
2840.0,-2.9338312201807706,-2.983021365284597,-2.886731766649034
2845.0,-2.92626349264499,-2.9753924356330312,-2.879351687641673
2850.0,-2.918951689850087,-2.9681318657960833,-2.8721321101371786
2855.0,-2.911437362085559,-2.9606759724025293,-2.8646024048518814
2860.0,-2.90371507058237,-2.9529623232412257,-2.8571591136643457
2865.0,-2.8960714262284317,-2.9449364636538085,-2.849584179336474
2870.0,-2.8884344798303117,-2.9372055508675694,-2.8421639616847147
2875.0,-2.8806301602954623,-2.929289576747648,-2.8346917161369016
2880.0,-2.872824440552356,-2.9212558106289244,-2.826733635420305
2885.0,-2.865049579914397,-2.9134542875814256,-2.8192271435024696
2890.0,-2.85733024235311,-2.905410643172937,-2.811490432355529
2895.0,-2.84936365181163,-2.897384887348397,-2.8034275171015643
2900.0,-2.841118470546681,-2.889321543999783,-2.795554870390185
2905.0,-2.833264984149829,-2.8817185098057667,-2.7878853474253633
2910.0,-2.8253113197982893,-2.8733531995218713,-2.779907637878313
2915.0,-2.8171173940334153,-2.8651392005888994,-2.7717830494548164
2920.0,-2.8088536170895324,-2.8569949976962046,-2.763594069617097
2925.0,-2.800514829711396,-2.8486606764278912,-2.7556077961959327
2930.0,-2.792181987482887,-2.8401326739397663,-2.7473337529824406
2935.0,-2.783897037242592,-2.831604634413544,-2.7390611526369324
2940.0,-2.7753652557022743,-2.8231243255661425,-2.7307942432321655
2945.0,-2.7668063180092175,-2.814800458204215,-2.7224099767862118
2950.0,-2.7581400926888024,-2.805962631456895,-2.71418535598068
2955.0,-2.749583027934065,-2.79715613947165,-2.7058406139163513
2960.0,-2.7410392550433738,-2.78834014696918,-2.6973534467542843
2965.0,-2.732276550568166,-2.7796116710287326,-2.688703116810488
2970.0,-2.7235420689568484,-2.7705599688476226,-2.6801643670268147
2975.0,-2.7144679340604787,-2.761629543095717,-2.671549235743862
2976.6442614701978,-2.7115319238571938,-2.758564200419823,-2.6688061182698477
2980.0,-2.7056866559112804,-2.7524717831541294,-2.6630695463500444
2985.0,-2.6966320636027046,-2.7431907121157337,-2.6542816779292573
2990.0,-2.6876154677745605,-2.7340281853411708,-2.6455136622640256
2991.711585915493,-2.684583605052736,-2.730863179090171,-2.642569854827213
2995.0,-2.6786600848556823,-2.7247268905733835,-2.6367758302570916
3000.0,-2.669469227243053,-2.7154641897057634,-2.6278682087731586
3005.0,-2.6603598176879,-2.7060939129788952,-2.6188681257235125
3010.0,-2.6510400778477847,-2.6966649744713296,-2.6099769379846243
3015.0,-2.64187209778054,-2.6869500778402466,-2.600995195919261
3020.0,-2.6324531610131254,-2.6774679750629353,-2.5919834154099095
3025.0,-2.623075940262277,-2.668052271457612,-2.582824834063268
3030.0,-2.613575609378308,-2.65821400377624,-2.5735950281536644
3035.0,-2.603925027260974,-2.6482330252406068,-2.564439346503721
3040.0,-2.594341318129781,-2.6385801054240483,-2.5551539387308235
3045.0,-2.5847234247699595,-2.6286993483222805,-2.545887406123069
3050.0,-2.5751666797615385,-2.618338626913428,-2.5366113675438253
3055.0,-2.5653033851300604,-2.6083675335218275,-2.527161239681824
3060.0,-2.5556205983943605,-2.5980896247263536,-2.517615075826417
3065.0,-2.545793945105079,-2.5880712628036426,-2.508284489346798
3070.0,-2.5358734307586372,-2.577939103841724,-2.498561980854339
3075.0,-2.5260021593418993,-2.5676151616636873,-2.4890315484269463
3080.0,-2.5159128681114,-2.557294299355379,-2.4791621076667982
3085.0,-2.506115977559311,-2.5470010077513674,-2.4698813794262766
3090.0,-2.4959072924170367,-2.536487993504808,-2.460152870643359
3095.0,-2.4858318815721563,-2.5258565737418786,-2.450555315840691
3100.0,-2.4759092211171265,-2.515297782028188,-2.4406987250773318
3105.0,-2.4657290758847057,-2.504706635129755,-2.4308090661701542
3110.0,-2.4555038084909753,-2.494337718912271,-2.4210934232738497
3110.95084468964,-2.453528608324966,-2.4921975271313994,-2.4191583575896436
3115.0,-2.445273804704783,-2.483991245734883,-2.411165729616829
3118.866303216872,-2.437369660434749,-2.4757014428631767,-2.403513739176388
3120.0,-2.435176055131607,-2.473192155852235,-2.401244143506477
3125.0,-2.424909731572251,-2.462618134571315,-2.3912177375732337
3130.0,-2.414612965450014,-2.4519462080337786,-2.3812465401730436
3135.0,-2.404214942654539,-2.4408481634636834,-2.3712098986921464
3140.0,-2.393942318940208,-2.4302252943163545,-2.361189788339206
3145.0,-2.383507640081359,-2.4194874255838674,-2.3511687139530517
3150.0,-2.373202894152664,-2.408548118470912,-2.3409350971328444
3154.972399931523,-2.3627164166782455,-2.3974367949158992,-2.330881190644025
3155.0,-2.362795621061931,-2.397519593004537,-2.3307805156992725
3160.0,-2.352229502197221,-2.3865083045751447,-2.3207497992324866
3165.0,-2.341816176019379,-2.375661417249758,-2.3105917700576097
3170.0,-2.331198462675213,-2.3647260350591415,-2.3004300932392865
3175.0,-2.320619830627085,-2.3538344084076073,-2.290119397240091
3180.0,-2.3100991532548836,-2.3426959963863756,-2.2799250183262734
3185.0,-2.2995611754183063,-2.331770844686978,-2.2695469483369877
3188.7576212191584,-2.2914705531125237,-2.3234023587018022,-2.261837375616923
3190.0,-2.289089066003686,-2.320762535909528,-2.259362108820241
3195.0,-2.278324761152052,-2.309906147150307,-2.2489942036009367
3195.671351060591,-2.2768098684010183,-2.3084823185670236,-2.2475250824405633
3200.0,-2.2676634036101433,-2.298854338691957,-2.23853437568511
3200.7100518996936,-2.2660069902167965,-2.2972088036189247,-2.237072972552616
3205.0,-2.2570380524571765,-2.287711663778604,-2.228347430305162
3210.0,-2.2464295621488883,-2.2765583376419722,-2.2177802934414723
3215.0,-2.2357643300775134,-2.2658074397894423,-2.207481410256199
3220.0,-2.2252327697831222,-2.2546108308330326,-2.196887086780702
3223.003698426874,-2.21877841634179,-2.2478169551222664,-2.190534988206406
3225.0,-2.2145075273784203,-2.243439206215476,-2.1864549007401735
3230.0,-2.2038004175171872,-2.2325183533550916,-2.1761684532894265
3235.0,-2.193033232923206,-2.2215639682502264,-2.1656432422247973
3240.0,-2.1823634465221455,-2.210313725241619,-2.1550874493130805
3240.3006703187107,-2.181746754203421,-2.209885410428082,-2.154479512453459
3245.0,-2.171644232346898,-2.199501433577845,-2.1447866340293196
3247.7445589392355,-2.1656413902750815,-2.193383206617052,-2.138932496453847
3250.0,-2.160857523523264,-2.1885193074892815,-2.1341288376483307
3250.0018848152336,-2.160774135731202,-2.1883382591770446,-2.1340874303376434
3255.0,-2.1500995676708583,-2.177425526438926,-2.123571053977202
3259.763088436009,-2.139805231080821,-2.166989279141906,-2.113551605734039
3260.0,-2.139265206092671,-2.1665515966862565,-2.113208253346227
3265.0,-2.128675376406697,-2.1555991336306413,-2.1024328002461745
3270.0,-2.1178562473071523,-2.144710592859848,-2.091740550520031
3275.0,-2.107204667029051,-2.1338783433970203,-2.0812149477345403
3276.88900099396,-2.10328073048752,-2.1297957844642443,-2.0774508183324367
3277.884029817636,-2.1012564416581174,-2.1276650907518166,-2.0753205780473754
3278.959813777558,-2.0988082056182815,-2.1253450662741504,-2.0730728666346128
3280.0,-2.0966872246064483,-2.1231146846394773,-2.070861081671197
3285.0,-2.086005898689928,-2.1122687888757254,-2.060383038802102
3287.4937700713713,-2.0806027840114334,-2.10675500168359,-2.054989815273266
3290.0,-2.0753894419779124,-2.101398384855334,-2.0498003067722106
3293.150372385177,-2.0685905388556174,-2.094575106905629,-2.043157820048876
3295.0,-2.0647793147735674,-2.090588597618457,-2.0391802981684584
3297.4715784152295,-2.0595170101621734,-2.08522945239049,-2.034191279701533
3300.0,-2.0541303294781144,-2.0797704565241846,-2.0288430108838993
3302.989329315477,-2.047908432826623,-2.0733044252624726,-2.022542544906822
3305.0,-2.0435346463668336,-2.0691818670083966,-2.01816714233192
3305.347490979374,-2.0427849450829587,-2.0682665661921114,-2.017618151626577
3306.825968689644,-2.039837399700961,-2.0651376361889815,-2.0146372396015964
3310.0,-2.0329484743811124,-2.0581982015488984,-2.0080068447908155
3315.0,-2.022319359594918,-2.0477344903573838,-1.9974513828235845
3320.0,-2.0117352383961338,-2.037166238763747,-1.986647242404542
3320.2060555618427,-2.0113335731310107,-2.0366951141333764,-1.9863624540991698
3325.0,-2.001201090237438,-2.0265883268809466,-1.976322970058705
3330.0,-1.9906244181028547,-2.016115376959584,-1.965870289845042
3332.11985597212,-1.9862983341586467,-2.011541851035421,-1.9616121860467737
3333.6174016691125,-1.9830675371006339,-2.0084494715649686,-1.9582588627922368
3335.0,-1.9802159143054923,-2.0056369935796776,-1.9554589734425012
3340.0,-1.9699490204482188,-1.9950027300312976,-1.9448989052883672
3341.466961287827,-1.9667895841740348,-1.9920194666174913,-1.941782601776501
3345.0,-1.9594643065924338,-1.9846241554566255,-1.9343670102942963
3350.0,-1.9491233167919657,-1.9742473588954472,-1.924027827519517
3355.0,-1.938675228626958,-1.963965698346587,-1.91375489616659
3360.0,-1.9284207645982225,-1.9537965322512312,-1.9033937031543398
3362.346186473553,-1.9237687639219994,-1.9489769642713302,-1.8984844063642767
3365.0,-1.9183672613179872,-1.9436024066909157,-1.8930732923167537
3369.821259015617,-1.9084958094762232,-1.9336750515357288,-1.8832620842620622
3370.0,-1.9081736411327914,-1.933212960417106,-1.8828319916497327
3375.0,-1.8978331595523241,-1.9229909433168488,-1.872563433060398
3380.0,-1.8877973420799978,-1.9130362819439206,-1.8624139358439242
3385.0,-1.8778389175018053,-1.9030177695297543,-1.8523213657814201
3390.0,-1.8677774451788869,-1.8928477531653904,-1.8420592907166338
3395.0,-1.857748803004744,-1.8827460355214576,-1.8319907432119464
3400.0,-1.847778906502488,-1.8727627090515337,-1.821874839180377
3400.553543157244,-1.8466995655559801,-1.8715379988076377,-1.8208217532567497
3403.886595630481,-1.8400052109442913,-1.8651165927440736,-1.8142414203445365
3405.0,-1.8378410455338883,-1.8628830713300766,-1.8120486826165276
3410.0,-1.8278090369651576,-1.853005353598112,-1.8020748014783825
3411.839054803083,-1.824231428936574,-1.8491989838864233,-1.7984547588835609
3415.0,-1.8180884754577946,-1.8429696471174688,-1.79191516264503
3420.0,-1.8083044493063893,-1.8332855010328404,-1.7822111797012736
3423.839728532601,-1.8006523831272991,-1.8259510314849434,-1.774700397314545
3424.547647692588,-1.799291965630957,-1.8244575833424084,-1.773378465402648
3425.0,-1.7983811251228186,-1.8236901041567266,-1.772439573650565
3425.6984462132664,-1.7970170419008942,-1.8221702300140918,-1.771057059383154
3430.0,-1.7887077330083574,-1.8139180952760994,-1.7628059063823263
3435.0,-1.7791103825955266,-1.8044343898389594,-1.753017456127396
3440.0,-1.7694169097342969,-1.7949352542323949,-1.7433775298814256
3442.8293851321105,-1.764185345975367,-1.7894684550548157,-1.7379507382459927
3445.0,-1.7599474956047407,-1.7854543548379895,-1.7338648754418244
3450.0,-1.7504576828844227,-1.7760188167247,-1.7244015163188877
3455.0,-1.740981911151944,-1.7666758043024933,-1.714925618562782
3459.9849778757084,-1.7316413297786262,-1.7572618645010762,-1.7054174928435017
3460.0,-1.7316174767272141,-1.757188455530296,-1.7052952456054176
3465.0,-1.722107281298351,-1.7479159066480499,-1.696020929788166
3470.0,-1.712908792477481,-1.7387680008337267,-1.6866163936988878
3475.0,-1.7037627163510387,-1.7296148918699166,-1.6774444824949915
3477.2142085157257,-1.6995597703910434,-1.7255193797207558,-1.6734043120309414
3480.0,-1.6944127313586614,-1.7204556505559199,-1.6683046759808526
3485.0,-1.6853268512962054,-1.7112844715401434,-1.6592553767303648
3490.0,-1.6763248892728995,-1.7024200656231199,-1.6501477266211617
3491.7679209469034,-1.673181423689134,-1.6990475659044648,-1.6471278324327878
3495.0,-1.6674121215454467,-1.6934554791274936,-1.641333890314426
3499.341757997378,-1.6596013063143245,-1.6856603379289148,-1.6334078207778748
3500.0,-1.6583199563893356,-1.6845807698941375,-1.6323657249555845
3505.0,-1.6495875065950751,-1.675735583850262,-1.6234370414133605
3510.0,-1.6408260207430247,-1.666829350111642,-1.6147203208833538
3511.271905081443,-1.638587676441003,-1.6648723814012956,-1.6123662120532583
3515.0,-1.6321463161116263,-1.6582199868450795,-1.6058695818008408
3517.6243931228582,-1.6273074951917754,-1.653645638735021,-1.601408672189513
3520.0,-1.623245932643668,-1.6495132973054387,-1.5972147448573657
3525.0,-1.6147704750419671,-1.6409297465795463,-1.5887776630935464
3530.0,-1.60627486453603,-1.6323135969527145,-1.5800822125831455
3535.0,-1.5978419342001953,-1.6238685091459486,-1.5717327926296527
3538.6309627794844,-1.5917220061228285,-1.6178060498519937,-1.5655125524224893
3540.0,-1.589270352135067,-1.61537963617199,-1.563260946302475
3545.0,-1.5810281482391573,-1.6070936124952928,-1.5549221732685388
3546.9397830150033,-1.5778466857390447,-1.6039161019863837,-1.5518833198263688
3550.0,-1.572878088788325,-1.5986854694214485,-1.5466447490939141
3555.0,-1.564617235904911,-1.5906785120063416,-1.5384883224342139
3560.0,-1.5565395140766238,-1.5825988595569118,-1.5304850006219677
3565.0,-1.5484139547582971,-1.5743874362102963,-1.5222669144788041
3570.0,-1.540506354724447,-1.566258092102052,-1.514467097899099
3575.0,-1.5325797099993848,-1.5580914054830195,-1.5064559060952085
3580.0,-1.5247596649487014,-1.550176077814833,-1.4983987654581594
3585.0,-1.5169413096171822,-1.5423188329971753,-1.4906250637294138
3588.6669892795835,-1.511195351249924,-1.536688234581554,-1.4848385265867476
3590.0,-1.509107550246684,-1.5345342234163482,-1.4827994495261192
3595.0,-1.5013280369413282,-1.5269630481108774,-1.4752062925108507
3600.0,-1.4938196815543479,-1.5192435109655131,-1.4674728350278077
3601.123478313137,-1.4920614353756236,-1.5174110613348737,-1.465794686644731
3605.0,-1.4862701948127772,-1.5114641010241494,-1.4598833261945514
3610.0,-1.4786644504106388,-1.5040961028515167,-1.452471716458838
3615.0,-1.471301227839057,-1.4966607231020361,-1.445299517060405
3620.0,-1.4638518953204005,-1.4893571218286874,-1.4378252269990586
3621.3113849900224,-1.4619248638833393,-1.487434104024365,-1.435968013251683
3625.0,-1.4565166233855154,-1.48191549081595,-1.4305300882294771
3627.980596232222,-1.4522910173749932,-1.4776321870287583,-1.4262546765270598
3630.0,-1.4493816867866804,-1.4747383430980034,-1.4232849677028463
3631.6667546659464,-1.4468646940442822,-1.4725010349825445,-1.4210024889007884
3635.0,-1.4420487950905776,-1.4675943906885056,-1.416104383836986
3640.0,-1.4349187142614857,-1.4605703293135681,-1.4090154878820347
3645.0,-1.427989017641869,-1.4535105018222596,-1.4019765652784366
3649.2941159184084,-1.4219098418806517,-1.4475569341661243,-1.3959375842535098
3650.0,-1.4209441642278522,-1.4465116075131699,-1.3950521781698013
3655.0,-1.4140909208746213,-1.4396698466289124,-1.388101817809203
3660.0,-1.4072814233550068,-1.4328421836218102,-1.3812585355124805
3665.0,-1.4004446545760683,-1.4263152050811423,-1.3743176713903964
3670.0,-1.3936273350365644,-1.4197020511498009,-1.3675614595760084
3670.34333094965,-1.393159859908428,-1.4192374480927072,-1.3671205743941173
3672.0063519574537,-1.3909985996730077,-1.4170754048876995,-1.3648433648790597
3675.0,-1.3870418978661605,-1.4129818857137968,-1.3608193657403835
3680.0,-1.3803866884531668,-1.4066539681198442,-1.3541681130280947
3685.0,-1.37369449880888,-1.4000579900744405,-1.3476811978505883
3690.0,-1.367399816343193,-1.3935140511921595,-1.3411417648474644
3695.0,-1.3610392019959532,-1.3871170045858108,-1.334769814056101
3700.0,-1.3547714602328895,-1.3809640894156079,-1.3281764429663554
3705.0,-1.348503140122844,-1.3748614685206944,-1.321969374310962
3710.0,-1.3422702683535355,-1.3686704459787387,-1.3156723232771397
3715.0,-1.3361138155208776,-1.362643242429562,-1.3095376295100785
3720.0,-1.330183509255391,-1.3569012247048111,-1.3030960781972842
3723.71827946684,-1.3255876571967238,-1.352252382447588,-1.2985166041869916
3725.0,-1.3240580960807162,-1.3507934367214613,-1.2970646383484319
3728.754532303704,-1.3196904925570436,-1.3465439111033408,-1.2922969127629318
3730.0,-1.318158160213564,-1.3451409207822858,-1.2908345862010164
3735.0,-1.3122064394338322,-1.339442278551944,-1.2847231046410035
3740.0,-1.3064622511326507,-1.333967866048601,-1.2789034325903603
3745.0,-1.3006695363445286,-1.32833570632557,-1.273101588851696
3750.0,-1.2949495115762502,-1.3228176985295312,-1.2669896223204045
3755.0,-1.2893327023397672,-1.317303356571206,-1.2610781497351515
3760.0,-1.2836063861661744,-1.3121065435293362,-1.255447050005707
3765.0,-1.2781786484827864,-1.3066421472271617,-1.2497702870143692
3770.0,-1.2728693023892412,-1.301319148876875,-1.2441743461106223
3775.0,-1.267455414628593,-1.2962643530648321,-1.2386279473931625
3780.0,-1.2619312537948386,-1.2910287736389878,-1.2328884023325304
3785.0,-1.2566252829466205,-1.2861353910513205,-1.2273983293111654
3786.355758234252,-1.2552934867546637,-1.2846849947547676,-1.225877732942919
3790.0,-1.2514013975447322,-1.2810160880349983,-1.2216136298659304
3795.0,-1.2462856968436422,-1.2762307556367083,-1.2162631267392117
3800.0,-1.2411309185762243,-1.271512326163454,-1.2107802513303498
3805.0,-1.236095617427248,-1.2667284098089153,-1.2055182911976634
3810.0,-1.2312796802962231,-1.2619906712617008,-1.2002827894922974
3810.4782804462734,-1.230745490756219,-1.2617340137782909,-1.1998387994412136
3815.0,-1.2264892040739914,-1.2575304524999995,-1.1950221034930477
3817.631362050134,-1.223686858244464,-1.2553343527522964,-1.1924849332522738
3820.0,-1.2214969050274678,-1.253086685803478,-1.1899774706308626
3824.375072543689,-1.2171517929633402,-1.249010054435608,-1.185612107681617
3825.0,-1.2166064422013965,-1.248494015637901,-1.1850128833807543
3830.0,-1.2118904968651822,-1.2441422412606176,-1.1799742686150112
3835.0,-1.2071561819058343,-1.2398487837487275,-1.174916066383498
3840.0,-1.2026986835143703,-1.2354569146207064,-1.1699796556800055
3845.0,-1.1981610383515262,-1.2312520071230104,-1.1649538974046427
3845.6962340590517,-1.1974654670953107,-1.2307985045130607,-1.164335466327614
3850.0,-1.1936860463510368,-1.2270792351788928,-1.1600988856169143
3855.0,-1.1892240368919413,-1.2230378126791694,-1.1551154458021815
3860.0,-1.1849165409865792,-1.2189776654142594,-1.1504268585726676
3865.0,-1.180710597640557,-1.2148232261986593,-1.1455695380524815
3870.0,-1.176451148644998,-1.2109564911883923,-1.140845582275674
3875.0,-1.1720434530806316,-1.2069805247520684,-1.1362251976931994
3880.0,-1.1678102945571873,-1.2033687795593506,-1.1311252277794228
3885.0,-1.163761402233648,-1.1997745756651543,-1.1264184677569145
3890.0,-1.1594693355800623,-1.1961978070136323,-1.121860788302771
3895.0,-1.1556227796944871,-1.1927932559065535,-1.1172918913893362
3900.0,-1.1516942150621774,-1.1892200093052954,-1.1126820088765148
3905.0,-1.1477283035562325,-1.185847634767209,-1.1082264728415125
3910.0,-1.143854279001723,-1.1820783850345034,-1.1035316113292388
3915.0,-1.1400902520468064,-1.1786872597309555,-1.0993968230960982
3920.0,-1.1363462937352857,-1.175849368291358,-1.0945781481593702
3925.0,-1.132511641569743,-1.1724309642434891,-1.0900209338725888
3930.0,-1.1288693474714873,-1.1692196248861395,-1.0856649400033118
3935.0,-1.1252871043097632,-1.1662140743353735,-1.0812770710627824
3940.0,-1.1217909032325517,-1.163244935506192,-1.076808337864383
3945.0,-1.1183325039389267,-1.1604496161695308,-1.0724978009728356
3950.0,-1.114946969469896,-1.157566438473309,-1.0681392110453218
3955.0,-1.1114618804479708,-1.1546962320449605,-1.0638149599115123
3959.022197053989,-1.1085511185111319,-1.1526483053278913,-1.0603639279949415
3960.0,-1.1081209270607242,-1.1520956697512204,-1.0596532005540154
3965.0,-1.1046281493654642,-1.14930785325327,-1.0552706318529568
3970.0,-1.101484496320986,-1.1470392964971097,-1.0510998520391552
3975.0,-1.0983356250768832,-1.1445443936109727,-1.0468513324728597
3980.0,-1.095050616061989,-1.142125449430491,-1.0423217297228544
3985.0,-1.0920118070494913,-1.1396226939732839,-1.0382274110418435
3990.0,-1.0888859187973654,-1.1374534982094158,-1.034089480246889
3995.0,-1.0857933345293418,-1.1353470549931213,-1.0299059996535649
4000.0,-1.0827689576040385,-1.1332703892225255,-1.025948867818174
4005.0,-1.0798505904769977,-1.131413018689998,-1.0216102510983276
4010.0,-1.076867927587251,-1.129576870969457,-1.0173552480796269
4013.717262803557,-1.0747236195387393,-1.1279426120107323,-1.014114484784352
4015.0,-1.0740104228697893,-1.1273568309525612,-1.0129750180672688
4020.0,-1.0710806058603344,-1.1252817668053754,-1.0087622063487953
4025.0,-1.0681728506630497,-1.1231707440018268,-1.004280694091305
4030.0,-1.0653214226732128,-1.1217987801881095,-0.9996611603343453
4035.0,-1.0625443678532147,-1.1201053357753499,-0.9955678936425849
4040.0,-1.0595504445028117,-1.1184186184490983,-0.9910605427020287
4040.5592512194016,-1.0592061398487744,-1.1181950402900058,-0.9903820517447245
4045.0,-1.0568400531008244,-1.1169792085711359,-0.9867895413927635
4050.0,-1.0540157001748933,-1.1156493859769816,-0.9825217242573586
4055.0,-1.0515667187438975,-1.1142864141920321,-0.9787804912808576
4060.0,-1.049073405631396,-1.113331042623051,-0.9739807395660174
4065.0,-1.0463409045556928,-1.1119814140596762,-0.9697840812781631
4070.0,-1.0436679261329818,-1.1109119558408986,-0.965991182280153
4075.0,-1.0412845116692366,-1.109759594840416,-0.9616472729772542
4080.0,-1.0387847619215254,-1.108774895523666,-0.9576996572762241
4085.0,-1.0364245981437388,-1.1073654459612081,-0.9533066041552486
4090.0,-1.0339002011241005,-1.1066587673703716,-0.9491083565328936
4095.0,-1.031362923026371,-1.1056784944603644,-0.9447464830910673
4100.0,-1.028890517562667,-1.1048501213015571,-0.9404880216771629
4105.0,-1.0266643367496489,-1.1037843142228385,-0.9354914852184474
4110.0,-1.024307848631505,-1.1033857018391933,-0.9312470034295183
4115.0,-1.0218280696344693,-1.1026268067625042,-0.9271240301868385
4120.0,-1.019550396176341,-1.101756638325545,-0.9224442135574233
4125.0,-1.0173279711603915,-1.101377013536988,-0.9186756288612654
4130.0,-1.0155165966073714,-1.1011028054144005,-0.9140108898116153
4135.0,-1.013041613634936,-1.1008203622497268,-0.910025082172548
4140.0,-1.0109712117170484,-1.100679935528885,-0.9054419549982081
4145.0,-1.0087867607190497,-1.1006185081054387,-0.900905462170303
4150.0,-1.006392925191609,-1.1006399844770247,-0.8965012918990554
4155.0,-1.0046056323738652,-1.1009312951885788,-0.8921299973408995
4160.0,-1.0022486339731105,-1.1006305835849803,-0.8877408526912594
4165.0,-1.0002275398418705,-1.1010162013215492,-0.8830292132788351
4170.0,-0.9984242762334301,-1.1011446115132917,-0.8787743354680538
4175.0,-0.9964302741274296,-1.101274551179528,-0.8740808764139598
4180.0,-0.9948200789178693,-1.101165756437748,-0.8699148094778385
4185.0,-0.9929204413367464,-1.1014714505249275,-0.864984500407252
4190.0,-0.9905451590555139,-1.1016770689115256,-0.8611205196110405
4195.0,-0.9886418669615165,-1.102377556793345,-0.8566321581564109
4200.0,-0.986859311013323,-1.1032242019277139,-0.8523856612064197
4205.0,-0.9848754175317893,-1.103359064944503,-0.8474541747617059
4210.0,-0.9831125882888538,-1.1038995647155532,-0.843218572256495
4215.0,-0.9812718610838188,-1.1040051790011196,-0.8388084373952988
4220.0,-0.9792744409238812,-1.1047550240158437,-0.8348408097104002
4225.0,-0.9775660252214684,-1.1050279949193405,-0.8299909812533123
4230.0,-0.975624972262998,-1.1058773868319995,-0.8258263286432965
4235.0,-0.9739021650483581,-1.1067920409768102,-0.821071144990595
4240.0,-0.9722213996168999,-1.107623150151628,-0.8164295406285699
4245.0,-0.9701736939694336,-1.1086689435098949,-0.8119664728922656
4250.0,-0.9684248720744031,-1.10951015095132,-0.8072726892055345
4255.0,-0.9663350980593597,-1.1108104355857182,-0.8026893822833038
4260.0,-0.9648033221690764,-1.1116201191464528,-0.7982555530758579
4265.0,-0.962856668554256,-1.112891532604534,-0.793750955259021
4270.0,-0.9612245587534086,-1.1145063171474663,-0.7894814673010039
4275.0,-0.959482586784838,-1.1158387405361694,-0.7851626326114206
4280.0,-0.9578112253751314,-1.1171351191238357,-0.7805151107119052
4285.0,-0.9565701002656506,-1.1183249578969345,-0.7752228602239847
4290.0,-0.9544893883026124,-1.1199082586706521,-0.7707077011137975
4295.0,-0.9531507268932169,-1.120601211058822,-0.7661521644431634
4300.0,-0.9513704140341808,-1.1221530755679452,-0.7611647048208918
